Experiment,Algorithm,Metric,RawValues
key_exchange,RSA,cpu_ms_raw,33.933000000004654;31.092999999998483
key_exchange,RSA,latency_ms_raw,53.19416697602719;44.1219579661265
key_exchange,RSA,tx_bytes_raw,707;707
key_exchange,ECDH,cpu_ms_raw,0.23199999999690135;0.19599999998831663
key_exchange,ECDH,latency_ms_raw,0.19137503113597631;0.18987501971423626
key_exchange,ECDH,tx_bytes_raw,356;356
key_exchange,ML-KEM (KYBER),cpu_ms_raw,0.06299999999725969;0.04800000000670934
key_exchange,ML-KEM (KYBER),latency_ms_raw,0.04712503869086504;0.04650000482797623
key_exchange,ML-KEM (KYBER),tx_bytes_raw,1568;1568
key_exchange,HYBRID (ECC+KYBER),cpu_ms_raw,0.2750000000020236;0.24700000000166256
key_exchange,HYBRID (ECC+KYBER),latency_ms_raw,0.24275004398077726;0.24325004778802395
key_exchange,HYBRID (ECC+KYBER),tx_bytes_raw,1940;1940
signatures,ECDSA,sign_ms_raw,0.04283396992832422;0.019832979887723923
signatures,ECDSA,verify_ms_raw,0.08025008719414473;0.044874963350594044
signatures,ECDSA,signature_size_bytes_raw,71;72;70;71;72;70;71;70;71;70;71;71;71;71;70;72;71;71;71;71;71;71;72;71;70;71;72;71;72;72;71;70;70;70;72;72;71;70;71;70;72;71;71;72;71;71;72;72;71;72;72;72;71;71;70;70;70;72;70;71;71;71;72;71;71;72;72;71;70;71;70;71;70;72;71;71;71;71;71;71;72;70;72;70;71;71;71;72;71;71;72;70;72;71;70;71;71;71;70;72;71;72;71;71;71;70;71;71;71;71;72;72;69;71;70;72;71;70;72;72;71;72;71;71;70;70;72;71;70;71;72;72;71;71;70;71;72;70;71;71;71;71;71;71;70;70;72;70;71;71;70;72;71;70;72;71;71;72;71;71;71;72;71;72;70;72;72;71;70;71;71;71;72;71;72;72;71;70;70;71;71;71;71;72;70;70;70;72;70;71;71;71;72;71;71;71;72;71;71;70;70;72;70;70;70;71;71;71;72;72;70;71;70;71;71;71;70;71;72;70;71;72;71;71;71;70;72;70;71;71;71;70;70;71;72;72;70;71;70;72;71;70;72;72;71;72;72;70;72;72;71;72;71;71;71;71;72;71;71;72;72;70;72;71;70;72;72;70;71;71;71;71;71;71;72;70;72;71;71;70;71;70;71;70;71;71;71;72;71;71;72;71;70;72;71;71;72;71;71;71;70;71;72;71;70;71;71;71;71;71;70;70;72;70;70;70;71;71;71;71;72;70;70;72;72;72;71;70;71;72;71;71;70;71;71;71;71;71;72;71;71;70;70;72;72;71;71;71;72;71;70;72;70;72;71;72;72;71;72;72;71;70;70;71;72;72;72;70;71;71;71;72;70;70;71;72;72;72;70;71;70;71;71;71;70;71;72;71;71;71;71;71;70;72;72;71;71;72;71;70;71;71;71;70;72;72;70;72;69;70;71;72;70;72;71;71;71;71;70;70;71;71;70;70;71;71;72;71;71;71;72;71;71;71;70;70;70;70;71;71;70;72;72;71;71;71;71;70;71;71;71;71;71;72;72;71;72;71;71;71;70;70;70;71;71;72;71;72;72;71;71;71;71;72;71;71;71;71;70;72;71;71;71;71;71;71;70;72;70;71;72;71;72;71;70;70;71;70;72;70;71;71;72;72;70;72;70;72;70;72;70;71;71;72;71;72;72;71;71;72;71;71;71;71;72;72;72;72;72;70;70;70;71;71;71;71;71;71;71;71;71;70;70;70;71;70;70;72;71;70;72;71;70;71;72;71;71;72;71;71;71;70;72;71;71;72;71;70;71;72;70;71;71;72;71;71;70;71;71;71;71;72;70;72;72;71;70;72;70;70;71;70;71;71;70;71;70;70;71;71;71;71;71;70;71;71;70;71;71;71;71;71;71;71;72;72;71;70;70;71;72;71;71;70;70;70;70;71;71;70;69;71;70;71;71;72;71;70;70;71;72;72;72;72;72;71;71;71;70;71;71;70;71;71;72;70;70;71;71;71;71;70;71;72;70;71;71;72;71;71;72;72;71;72;71;70;70;70;72;70;72;72;72;71;70;72;71;72;72;72;70;72;70;72;72;71;71;72;71;72;71;72;71;70;72;71;72;70;70;71;70;72;71;71;72;71;71;70;71;72;70;71;72;71;71;72;72;71;70;71;70;71;70;70;71;71;72;71;71;70;72;71;70;70;70;71;72;72;72;72;71;70;71;70;72;70;71;71;70;70;72;71;72;71;72;72;71;70;71;70;71;71;70;71;71;72;70;71;70;71;71;71;71;71;71;71;72;72;71;72;70;71;71;72;70;72;72;71;71;71;71;70;71;71;71;71;71;70;71;70;71;71;70;71;70;70;71;70;71;70;71;71;71;71;71;70;72;71;71;71;72;71;71;71;72;72;71;71;71;71;72;72;71;72;71;70;72;72;69;70;71;71;71;71;72;71;71;70;71;72;70;71;71;72;70;71;72;71;71;70;70;71;71;71;71;71;71;71;71;71;71;70;71;70;70;71;71;72;70;71;72;70;72;70;70;70;71;72;70;72;71;72;70;71;70;72;72;70;71;72;72;71;70;71;70;72;71;71;70;71;71;71;70;72;72;70;70;70;72;71;72;70;71;72;71;71;71;71;71;70;70;71;71;71;72;70;72;72;70;71;72;71;72;72;72;72;70;72;72;71;72;70;72;71;71;71;70;72;71;70;71;70;70;71;71;71;71;71;71;71;70;72;70;70;71;70;70;72;71;71;70;70;71;72;70;72;70;72;71;71
signatures,ML-DSA (Dilithium),sign_ms_raw,0.0967090018093586;0.0928329536691308
signatures,ML-DSA (Dilithium),verify_ms_raw,0.0022919848561286926;0.00037497375160455704
signatures,ML-DSA (Dilithium),signature_size_bytes_raw,2420;2420;2420;2420;2420;2420;2420;2420;2420;2420;2420;2420;2420;2420;2420;2420;2420;2420;2420;2420;2420;2420;2420;2420;2420;2420;2420;2420;2420;2420;2420;2420;2420;2420;2420;2420;2420;2420;2420;2420;2420;2420;2420;2420;2420;2420;2420;2420;2420;2420;2420;2420;2420;2420;2420;2420;2420;2420;2420;2420;2420;2420;2420;2420;2420;2420;2420;2420;2420;2420;2420;2420;2420;2420;2420;2420;2420;2420;2420;2420;2420;2420;2420;2420;2420;2420;2420;2420;2420;2420;2420;2420;2420;2420;2420;2420;2420;2420;2420;2420;2420;2420;2420;2420;2420;2420;2420;2420;2420;2420;2420;2420;2420;2420;2420;2420;2420;2420;2420;2420;2420;2420;2420;2420;2420;2420;2420;2420;2420;2420;2420;2420;2420;2420;2420;2420;2420;2420;2420;2420;2420;2420;2420;2420;2420;2420;2420;2420;2420;2420;2420;2420;2420;2420;2420;2420;2420;2420;2420;2420;2420;2420;2420;2420;2420;2420;2420;2420;2420;2420;2420;2420;2420;2420;2420;2420;2420;2420;2420;2420;2420;2420;2420;2420;2420;2420;2420;2420;2420;2420;2420;2420;2420;2420;2420;2420;2420;2420;2420;2420;2420;2420;2420;2420;2420;2420;2420;2420;2420;2420;2420;2420;2420;2420;2420;2420;2420;2420;2420;2420;2420;2420;2420;2420;2420;2420;2420;2420;2420;2420;2420;2420;2420;2420;2420;2420;2420;2420;2420;2420;2420;2420;2420;2420;2420;2420;2420;2420;2420;2420;2420;2420;2420;2420;2420;2420;2420;2420;2420;2420;2420;2420;2420;2420;2420;2420;2420;2420;2420;2420;2420;2420;2420;2420;2420;2420;2420;2420;2420;2420;2420;2420;2420;2420;2420;2420;2420;2420;2420;2420;2420;2420;2420;2420;2420;2420;2420;2420;2420;2420;2420;2420;2420;2420;2420;2420;2420;2420;2420;2420;2420;2420;2420;2420;2420;2420;2420;2420;2420;2420;2420;2420;2420;2420;2420;2420;2420;2420;2420;2420;2420;2420;2420;2420;2420;2420;2420;2420;2420;2420;2420;2420;2420;2420;2420;2420;2420;2420;2420;2420;2420;2420;2420;2420;2420;2420;2420;2420;2420;2420;2420;2420;2420;2420;2420;2420;2420;2420;2420;2420;2420;2420;2420;2420;2420;2420;2420;2420;2420;2420;2420;2420;2420;2420;2420;2420;2420;2420;2420;2420;2420;2420;2420;2420;2420;2420;2420;2420;2420;2420;2420;2420;2420;2420;2420;2420;2420;2420;2420;2420;2420;2420;2420;2420;2420;2420;2420;2420;2420;2420;2420;2420;2420;2420;2420;2420;2420;2420;2420;2420;2420;2420;2420;2420;2420;2420;2420;2420;2420;2420;2420;2420;2420;2420;2420;2420;2420;2420;2420;2420;2420;2420;2420;2420;2420;2420;2420;2420;2420;2420;2420;2420;2420;2420;2420;2420;2420;2420;2420;2420;2420;2420;2420;2420;2420;2420;2420;2420;2420;2420;2420;2420;2420;2420;2420;2420;2420;2420;2420;2420;2420;2420;2420;2420;2420;2420;2420;2420;2420;2420;2420;2420;2420;2420;2420;2420;2420;2420;2420;2420;2420;2420;2420;2420;2420;2420;2420;2420;2420;2420;2420;2420;2420;2420;2420;2420;2420;2420;2420;2420;2420;2420;2420;2420;2420;2420;2420;2420;2420;2420;2420;2420;2420;2420;2420;2420;2420;2420;2420;2420;2420;2420;2420;2420;2420;2420;2420;2420;2420;2420;2420;2420;2420;2420;2420;2420;2420;2420;2420;2420;2420;2420;2420;2420;2420;2420;2420;2420;2420;2420;2420;2420;2420;2420;2420;2420;2420;2420;2420;2420;2420;2420;2420;2420;2420;2420;2420;2420;2420;2420;2420;2420;2420;2420;2420;2420;2420;2420;2420;2420;2420;2420;2420;2420;2420;2420;2420;2420;2420;2420;2420;2420;2420;2420;2420;2420;2420;2420;2420;2420;2420;2420;2420;2420;2420;2420;2420;2420;2420;2420;2420;2420;2420;2420;2420;2420;2420;2420;2420;2420;2420;2420;2420;2420;2420;2420;2420;2420;2420;2420;2420;2420;2420;2420;2420;2420;2420;2420;2420;2420;2420;2420;2420;2420;2420;2420;2420;2420;2420;2420;2420;2420;2420;2420;2420;2420;2420;2420;2420;2420;2420;2420;2420;2420;2420;2420;2420;2420;2420;2420;2420;2420;2420;2420;2420;2420;2420;2420;2420;2420;2420;2420;2420;2420;2420;2420;2420;2420;2420;2420;2420;2420;2420;2420;2420;2420;2420;2420;2420;2420;2420;2420;2420;2420;2420;2420;2420;2420;2420;2420;2420;2420;2420;2420;2420;2420;2420;2420;2420;2420;2420;2420;2420;2420;2420;2420;2420;2420;2420;2420;2420;2420;2420;2420;2420;2420;2420;2420;2420;2420;2420;2420;2420;2420;2420;2420;2420;2420;2420;2420;2420;2420;2420;2420;2420;2420;2420;2420;2420;2420;2420;2420;2420;2420;2420;2420;2420;2420;2420;2420;2420;2420;2420;2420;2420;2420;2420;2420;2420;2420;2420;2420;2420;2420;2420;2420;2420;2420;2420;2420;2420;2420;2420;2420;2420;2420;2420;2420;2420;2420;2420;2420;2420;2420;2420;2420;2420;2420;2420;2420;2420;2420;2420;2420;2420;2420;2420;2420;2420;2420;2420;2420;2420;2420;2420;2420;2420;2420;2420;2420;2420;2420;2420;2420;2420;2420;2420;2420;2420;2420;2420;2420;2420;2420;2420;2420;2420;2420;2420;2420;2420;2420;2420;2420;2420;2420;2420;2420;2420;2420;2420;2420;2420;2420;2420;2420;2420;2420;2420;2420;2420;2420;2420;2420;2420;2420;2420;2420;2420;2420;2420;2420;2420;2420;2420;2420;2420;2420;2420;2420;2420;2420;2420;2420;2420;2420;2420;2420;2420;2420;2420;2420;2420;2420;2420;2420;2420;2420;2420;2420;2420;2420;2420;2420;2420;2420;2420;2420;2420;2420;2420;2420;2420;2420;2420;2420;2420;2420;2420;2420;2420;2420;2420;2420;2420;2420;2420;2420;2420;2420;2420;2420;2420;2420;2420;2420;2420;2420;2420;2420;2420;2420;2420;2420;2420;2420;2420;2420;2420;2420;2420;2420;2420;2420;2420;2420;2420;2420;2420;2420
messaging,RSA,session_latency_ms_raw,48.49225003272295;48.65083401091397
messaging,RSA,message_latency_ms_raw,0.0624579843133688;0.049166963435709476;0.05000003147870302;0.045666005462408066;0.04212500061839819;0.04166609141975641;0.04525005351752043;0.045958091504871845;0.04683295264840126;0.04700000863522291;0.0468340003862977;0.04654203075915575;0.04641700070351362;0.04416704177856445;0.04216597881168127;0.04125002305954695;0.041499966755509377;0.045708962716162205;0.045874970965087414;0.04608405288308859;0.046708970330655575;0.04566693678498268;0.04612503107637167;0.04670792259275913;0.04333304241299629;0.041458988562226295;0.04112499300390482;0.041624996811151505;0.04595797508955002;0.04683295264840126;0.04658300895243883;0.047291978262364864;0.04641700070351362;0.046083005145192146;0.045708962716162205;0.042082974687218666;0.041041988879442215;0.04070799332112074;0.04124990664422512;0.04575005732476711;0.04650000482797623;0.049291993491351604;0.04612503107637167;0.04545797128230333;0.045958091504871845;0.04533305764198303;0.041791005060076714;0.04070799332112074;0.04245806485414505;0.04679197445511818;0.04812504630535841;0.04745891783386469;0.04841701593250036;0.04595797508955002;0.04537496715784073;0.04541699308902025;0.04545797128230333;0.040665967389941216;0.04099996294826269;0.041499966755509377;0.0439999857917428;0.045375083573162556;0.046291970647871494;0.04600000102072954;0.04549999721348286;0.046291970647871494;0.04545797128230333;0.04595797508955002;0.04099996294826269;0.04058307968080044;0.04116701893508434;0.04299997817724943;0.04541699308902025;0.0468340003862977;0.04608393646776676;0.04566693678498268;0.04554202314466238;0.04608393646776676;0.0463749747723341;0.04125002305954695;0.041624996811151505;0.04320906009525061;0.046708970330655575;0.04658300895243883;0.045915949158370495;0.045874970965087414;0.046332948841154575;0.0452499371021986;0.04529207944869995;0.05108292680233717;0.05666702054440975;0.0464579788967967;0.054958974942564964;0.043332925997674465;0.04129204899072647;0.04483398515731096;0.045792083255946636;0.04604191053658724;0.04541710950434208;0.04591699689626694;0.041458988562226295;0.04075001925230026;0.04124990664422512;0.04491698928177357;0.04583306144922972;0.0452499371021986;0.046042026951909065;0.045291963033378124;0.045792083255946636;0.045874970965087414;0.044915941543877125;0.04054198507219553;0.04099996294826269;0.04066701512783766;0.04170904867351055;0.045166932977735996;0.04529103171080351;0.046166940592229366;0.04616600926965475;0.04620791878551245;0.04537496715784073;0.04675006493926048;0.041874940507113934;0.04075001925230026;0.04137493669986725;0.044625019654631615;0.04504097159951925;0.045708962716162205;0.045708962716162205;0.04554190672934055;0.04525005351752043;0.045749940909445286;0.046291970647871494;0.04166702274233103;0.04158297087997198;0.04087504930794239;0.04254095256328583;0.045291963033378124;0.04616705700755119;0.045042019337415695;0.044749933294951916;0.04533305764198303;0.04570803139358759;0.0451250234618783;0.04183407872915268;0.04354200791567564;0.04112499300390482;0.050458009354770184;0.04583294503390789;0.045459019020199776;0.045042019337415695;0.050165923312306404;0.04583306144922972;0.043874955736100674;0.04441605415195227;0.03999995533376932;0.040207989513874054;0.04099996294826269;0.044792075641453266;0.044625019654631615;0.04475004971027374;0.045166932977735996;0.044625019654631615;0.04795799031853676;0.045332941226661205;0.04416704177856445;0.040332903154194355;0.03925000783056021;0.03962509799748659;0.040082959458231926;0.045042019337415695;0.044915941543877125;0.04491698928177357;0.04483305383473635;0.04458392504602671;0.04491605795919895;0.04520791117101908;0.04270905628800392;0.04041707143187523;0.0399579294025898;0.044082989916205406;0.04429207183420658;0.04395900759845972;0.04499999340623617;0.04495796747505665;0.04558300133794546;0.04583399277180433;0.04583294503390789;0.04783296026289463;0.040125101804733276;0.04141696263104677;0.04429207183420658;0.045459019020199776;0.04554202314466238;0.04549999721348286;0.04579196684062481;0.045375083573162556;0.04479195922613144;0.045208027586340904;0.04312500823289156;0.04029099363833666;0.04012498538941145;0.04337495192885399;0.04462490323930979;0.044625019654631615;0.04508404526859522;0.04483398515731096;0.044791027903556824;0.045082997530698776;0.0451250234618783;0.04345795605331659;0.0400409335270524;0.039416016079485416;0.03933301195502281;0.04212500061839819;0.04504097159951925;0.04454201553016901;0.04458299372345209;0.04466704558581114;0.04437495954334736;0.04466704558581114;0.04529091529548168;0.040958053432404995;0.04058296326547861;0.04179193638265133;0.04658300895243883;0.046042026951909065;0.04470802377909422;0.04570803139358759;0.044790911488235;0.04466704558581114;0.04566693678498268;0.04466704558581114;0.04058296326547861;0.042208004742860794;0.04183303099125624;0.04220788832753897;0.044375075958669186;0.04449998959898949;0.0439999857917428;0.04425004590302706;0.04441698547452688;0.04441698547452688;0.04424992948770523;0.04133302718400955;0.03950006794184446;0.03945792559534311;0.04245806485414505;0.04299997817724943;0.04570803139358759;0.04600000102072954;0.046083005145192146;0.0475830165669322;0.04724995233118534;0.04891701973974705;0.045625027269124985;0.044166925363242626;0.04470907151699066;0.049208989366889;0.04991702735424042;0.049541937187314034;0.048666028305888176;0.04858302418142557;0.04937499761581421;0.04845811054110527;0.046291970647871494;0.04349998198449612;0.04366692155599594;0.05170807708054781;0.05162495654076338;0.051458016969263554;0.05324999801814556;0.05095801316201687;0.04941702354699373;0.049332971684634686;0.04708289634436369;0.04395795986056328;0.04454096779227257;0.0451250234618783;0.05000003147870302;0.04941597580909729;0.04900002386420965;0.04945893306285143;0.05220901221036911;0.049208058044314384;0.04795799031853676;0.04429090768098831;0.04404096398502588;0.04950002767145634;0.04950002767145634;0.050042057409882545;0.04941702354699373;0.04912493750452995;0.050416914746165276;0.04941597580909729;0.04850002005696297;0.04395795986056328;0.04483293741941452;0.048832967877388;0.04950002767145634;0.049958936870098114;0.049749971367418766;0.05025009158998728;0.0500410096719861;0.049083027988672256;0.049166963435709476;0.045166932977735996;0.0439999857917428;0.04700000863522291;0.04945788532495499;0.050332979299128056;0.049833906814455986;0.04950002767145634;0.04995905328541994;0.050042057409882545;0.04920794162899256;0.04358298610895872;0.04404096398502588;0.0476249260827899;0.050166971050202847;0.05037500523030758;0.05004194099456072;0.050166971050202847;0.04945893306285143;0.049458001740276814;0.05012506153434515;0.04487507976591587;0.04479195922613144;0.04850002005696297;0.04891701973974705;0.050332979299128056;0.04891701973974705;0.04958396311849356;0.05000003147870302;0.05050003528594971;0.04979199729859829;0.04449998959898949;0.044625019654631615;0.04766706842929125;0.050791073590517044;0.0499580055475235;0.04895799793303013;0.050083035603165627;0.05004194099456072;0.049582915380597115;0.049749971367418766;0.04570803139358759;0.044790911488235;0.047625042498111725;0.0500410096719861;0.050292001105844975;0.050458009354770184;0.04995905328541994;0.050666043534874916;0.050625065341591835;0.049083027988672256;0.04437495954334736;0.044874963350594044;0.04850002005696297;0.05012506153434515;0.04879198968410492;0.049166963435709476;0.0500410096719861;0.05016603972762823;0.04833401180803776;0.050292001105844975;0.045208027586340904;0.04458299372345209;0.046208035200834274;0.050166971050202847;0.05020899698138237;0.04937499761581421;0.04920794162899256;0.05020794924348593;0.05020794924348593;0.050416914746165276;0.04537496715784073;0.045332941226661205;0.04737498238682747;0.04904100205749273;0.048416899517178535;0.05024997517466545;0.05025009158998728;0.04975008778274059;0.04966591950505972;0.04962494131177664;0.04629092290997505;0.045042019337415695;0.04720897413790226;0.05012506153434515;0.05020899698138237;0.05029095336794853;0.04979199729859829;0.05091703496873379;0.0504170311614871;0.04983402322977781;0.0475830165669322;0.044749933294951916;0.04733400419354439;0.05024997517466545;0.04895799793303013;0.050292001105844975;0.05320890340954065;0.05070795305073261;0.04895799793303013;0.05066592711955309;0.04516704939305782;0.04445808008313179;0.04566705320030451;0.05025009158998728;0.05058303941041231;0.05029095336794853;0.049915979616343975;0.05141599103808403;0.0503340270370245;0.0500410096719861;0.04449998959898949;0.045792083255946636;0.04583306144922972;0.04679197445511818;0.05579204298555851;0.05591695662587881;0.058125006034970284;0.056999968364834785;0.05837506614625454;0.06404193118214607;0.062125036492943764;0.04650000482797623;0.045792083255946636;0.04549999721348286;0.04991702735424042;0.050292001105844975;0.049999915063381195;0.05233392585068941;0.051416922360658646;0.05662499461323023;0.048166955821216106;0.045874970965087414;0.0617919722571969;0.06279093213379383;0.05366699770092964;0.045332941226661205;0.049042049795389175;0.049625057727098465;0.045666005462408066;0.04504190292209387;0.04700000863522291;0.050166971050202847;0.04966696724295616;0.050458009354770184;0.050709000788629055;0.0500410096719861;0.0487080542370677;0.049875001423060894;0.04562491085380316;0.044874963350594044;0.0463749747723341;0.05066697485744953;0.05008396692574024;0.05054206121712923;0.05012494511902332;0.05025009158998728;0.05058303941041231;0.049749971367418766;0.04483398515731096;0.04529091529548168;0.048042042180895805;0.05037500523030758;0.0499580055475235;0.04958303179591894;0.05116697866469622;0.05070795305073261;0.049915979616343975;0.05029095336794853;0.04562491085380316;0.044208019971847534;0.046666013076901436;0.05037500523030758;0.05058303941041231;0.05191704258322716;0.049541937187314034;0.04950002767145634;0.05000003147870302;0.04954205360263586;0.04454189911484718;0.044625019654631615;0.0475000124424696;0.05083403084427118;0.049291993491351604;0.049915979616343975;0.0499580055475235;0.04916603211313486;0.048625050112605095;0.049749971367418766;0.04633399657905102;0.04566693678498268;0.04695903044193983;0.050292001105844975;0.05054206121712923;0.0503340270370245;0.04875008016824722;0.049875001423060894;0.058333040215075016;0.04962494131177664;0.04449998959898949;0.04558300133794546;0.048083020374178886;0.04970806185156107;0.050541944801807404;0.050292001105844975;0.050042057409882545;0.04979199729859829;0.04962494131177664;0.050332979299128056;0.044459011405706406;0.04525005351752043;0.04849990364164114;0.05029095336794853;0.049332971684634686;0.05395803600549698;0.04900002386420965;0.050915987230837345;0.05054101347923279;0.04970806185156107;0.044958898797631264;0.04433305002748966;0.04912505391985178;0.05075009539723396;0.05020899698138237;0.05037500523030758;0.049625057727098465;0.05020794924348593;0.05020794924348593;0.04933401942253113;0.04516600165516138;0.04529207944869995;0.049458001740276814;0.05079200491309166;0.05037500523030758;0.05104194860905409;0.05066697485744953;0.05058303941041231;0.050749978981912136;0.04900002386420965;0.045541091822087765;0.04495901521295309;0.04979199729859829;0.049958936870098114;0.049708993174135685;0.049875001423060894;0.05058303941041231;0.05024997517466545;0.05004194099456072;0.0477079302072525;0.04420895129442215;0.044291955418884754;0.049584079533815384;0.050208065658807755;0.050292001105844975;0.050666043534874916;0.05041598342359066;0.049749971367418766;0.05020899698138237;0.04900002386420965;0.04458299372345209;0.04416704177856445;0.05204195622354746;0.049291993491351604;0.04941702354699373;0.04966696724295616;0.04958303179591894;0.04991702735424042;0.04924996756017208;0.04824995994567871;0.04454201553016901;0.044625019654631615;0.04858302418142557;0.049291993491351604;0.0499160960316658;0.0499580055475235;0.048915972001850605;0.04966591950505972;0.04916603211313486;0.04829105455428362;0.04395900759845972;0.044625019654631615;0.04904193338006735;0.04912493750452995;0.049291993491351604;0.049458001740276814;0.04924996756017208;0.0493339030072093;0.04900002386420965;0.049083027988672256;0.04954205360263586;0.048958929255604744;0.05458400119096041;0.05149992648512125;0.0512079568579793;0.07095909677445889;0.05495792720466852;0.04954100586473942;0.049875001423060894;0.047166948206722736;0.044584041461348534;0.044791027903556824;0.04529103171080351;0.04520791117101908;0.04537496715784073;0.044166925363242626;0.044208019971847534;0.044332933612167835;0.044874963350594044;0.04454096779227257;0.04441698547452688;0.0504170311614871;0.04470802377909422;0.0451250234618783;0.04499999340623617;0.0553749268874526;0.04583294503390789;0.04554202314466238;0.049208058044314384;0.06558303721249104;0.044915941543877125;0.04466704558581114;0.04487507976591587;0.04429207183420658;0.04424992948770523;0.044874963350594044;0.04783400800079107;0.044874963350594044;0.056249904446303844;0.04816707223653793;0.055875047110021114;0.04766695201396942;0.04479195922613144;0.04495901521295309;0.047749956138432026;0.047791050747036934;0.044625019654631615;0.04512490704655647;0.04445796366780996;0.04358298610895872;0.04412501584738493;0.046749948523938656;0.043042004108428955;0.04345795605331659;0.04454201553016901;0.043625012040138245;0.04391605034470558;0.04383409395813942;0.04349998198449612;0.04454096779227257;0.04725006874650717;0.04425004590302706;0.044334097765386105;0.04420906770974398;0.04437495954334736;0.04358298610895872;0.0439999857917428;0.04370801616460085;0.04412501584738493;0.04412501584738493;0.0438750721514225;0.04470802377909422;0.04433305002748966;0.0439999857917428;0.04383397754281759;0.043915933929383755;0.043874955736100674;0.044749933294951916;0.04433398135006428;0.04479195922613144;0.04370789974927902;0.044082989916205406;0.04449998959898949;0.04333397373557091;0.04383292980492115;0.0439999857917428;0.04416599404066801;0.04716601688414812;0.04537496715784073;0.049208058044314384;0.04941702354699373;0.052332994528114796;0.05000003147870302;0.049875001423060894;0.04629208706319332;0.04491605795919895;0.04508392885327339;0.04491698928177357;0.045082997530698776;0.044791027903556824;0.04349998198449612;0.04449998959898949;0.04433305002748966;0.04429102409631014;0.04395795986056328;0.0439999857917428;0.04420895129442215;0.044291955418884754;0.04416704177856445;0.04629103932529688;0.0493339030072093;0.04966591950505972;0.048999907448887825;0.04950002767145634;0.05066709127277136;0.04675006493926048;0.04470802377909422;0.044459011405706406;0.044958083890378475;0.045082997530698776;0.04554202314466238;0.0451250234618783;0.04470802377909422;0.043792068026959896;0.04366692155599594;0.043584033846855164;0.04441605415195227;0.043625012040138245;0.04454201553016901;0.05120900459587574;0.048874993808567524;0.04908291157335043;0.048749963752925396;0.04875008016824722;0.04891701973974705;0.048625050112605095;0.04766695201396942;0.04370801616460085;0.043874955736100674;0.04425004590302706;0.04391605034470558;0.044042011722922325;0.044042011722922325;0.05308398976922035;0.04383292980492115;0.04366703797131777;0.044625019654631615;0.04791701212525368;0.04454201553016901;0.04495796747505665;0.04879198968410492;0.048749963752925396;0.048749963752925396;0.04824995994567871;0.047999899834394455;0.04866591189056635;0.04804099444299936;0.04745798651129007;0.04333397373557091;0.04312500823289156;0.043874955736100674;0.04375004209578037;0.04375004209578037;0.043791020289063454;0.04354200791567564;0.04487507976591587;0.04883401561528444;0.04908291157335043;0.04670803900808096;0.04429102409631014;0.044791027903556824;0.06049999501556158;0.05958392284810543;0.046749948523938656;0.05904096178710461;0.055875047110021114;0.05108409095555544;0.05108397454023361;0.050541944801807404;0.051459064707159996;0.05166709888726473;0.05208293441683054;0.050999922677874565;0.04895799793303013;0.05204102490097284;0.05549995694309473;0.05708297248929739;0.050332979299128056;0.0499580055475235;0.045625027269124985;0.04383292980492115;0.043625012040138245;0.05129107739776373;0.044584041461348534;0.04412501584738493;0.04349998198449612;0.04700000863522291;0.047332956455647945;0.04354200791567564;0.04312500823289156;0.05450006574392319;0.054666888900101185;0.0475830165669322;0.04870793782174587;0.054292031563818455;0.04879198968410492;0.04895799793303013;0.04845799412578344;0.0604171073064208;0.04604191053658724;0.04441605415195227;0.0451250234618783;0.04458299372345209;0.056958990171551704;0.050875009037554264;0.05162495654076338;0.049625057727098465;0.04995905328541994;0.05012506153434515;0.050292001105844975;0.04962494131177664;0.05025009158998728;0.05012494511902332;0.05000003147870302;0.05066697485744953;0.04975008778274059;0.05062494892627001;0.0499160960316658;0.04958396311849356;0.049875001423060894;0.049625057727098465;0.05008408334106207;0.050749978981912136;0.0499580055475235;0.049958936870098114;0.05012506153434515;0.049875001423060894;0.04950002767145634;0.049875001423060894;0.04983402322977781;0.04991702735424042;0.050083035603165627;0.0504170311614871;0.05066697485744953;0.050292001105844975;0.050459057092666626;0.049999915063381195;0.05037500523030758;0.05008396692574024;0.049749971367418766;0.0499580055475235;0.05012494511902332;0.05000003147870302;0.05083298310637474;0.049749971367418766;0.050208065658807755;0.050875009037554264;0.049999915063381195;0.050582922995090485;0.05004194099456072;0.050332979299128056;0.05016603972762823;0.050166971050202847;0.04979199729859829;0.0504170311614871;0.050666043534874916;0.050875009037554264;0.050625065341591835;0.05050003528594971;0.051083043217659;0.0504170311614871;0.05062494892627001;0.04600000102072954;0.043749925680458546;0.043459003791213036;0.04666706081479788;0.05245895590633154;0.050332979299128056;0.05020899698138237;0.050833914428949356;0.04983402322977781;0.050709000788629055;0.05066697485744953;0.049875001423060894;0.05008396692574024;0.0468340003862977;0.04370801616460085;0.0439169816672802;0.04341697786003351;0.04375004209578037;0.04404108040034771;0.0438750721514225;0.0439999857917428;0.04383397754281759;0.04424992948770523;0.04408403765410185;0.04412501584738493;0.04466704558581114;0.043749925680458546;0.04741596058011055;0.04912505391985178;0.04895799793303013;0.0480839516967535;0.048332964070141315;0.04833401180803776;0.04895904567092657;0.048625050112605095;0.0451250234618783;0.044082989916205406;0.04383292980492115;0.043874955736100674;0.044042011722922325;0.04412501584738493;0.04449998959898949;0.0438750721514225;0.04845892544835806;0.04924996756017208;0.048166955821216106;0.04412501584738493;0.04329101648181677;0.04787510260939598;0.04962494131177664;0.049332971684634686;0.0493339030072093;0.04879198968410492;0.04970806185156107;0.049458001740276814;0.04958303179591894;0.04708394408226013;0.04454201553016901;0.045000109821558;0.045334105379879475;0.04499999340623617;0.04983297549188137;0.0498330919072032;0.04954205360263586;0.049208058044314384;0.04900002386420965;0.04679197445511818;0.04483305383473635;0.044500106014311314;0.0462500611320138;0.0498330919072032;0.049708993174135685;0.04841608460992575;0.048915972001850605;0.05020899698138237;0.05016603972762823;0.0462500611320138;0.04525005351752043;0.04475004971027374;0.04445796366780996;0.043500098399817944;0.04875008016824722;0.05024997517466545;0.04933401942253113;0.04933401942253113;0.04983297549188137;0.04791608080267906;0.04412501584738493;0.043791020289063454;0.04449998959898949;0.049166963435709476;0.049749971367418766;0.048874993808567524;0.049666035920381546;0.050458009354770184;0.04866695962846279;0.04970794543623924;0.045291963033378124;0.04600000102072954;0.04516600165516138;0.04816707223653793;0.05054206121712923;0.050083035603165627;0.04904100205749273;0.04925008397549391;0.05350005812942982;0.05008396692574024;0.04516600165516138;0.04475004971027374;0.0452499371021986;0.044291955418884754;0.04579196684062481;0.04966696724295616;0.05033391062170267;0.05054101347923279;0.05100003909319639;0.04895904567092657;0.04554097540676594;0.05000003147870302;0.04454189911484718;0.04733400419354439;0.05091703496873379;0.050042057409882545;0.05070806946605444;0.04979199729859829;0.05841604433953762;0.04970794543623924;0.04433398135006428;0.04404096398502588;0.04379195161163807;0.04437495954334736;0.04650000482797623;0.05104101728647947;0.05050003528594971;0.04737498238682747;0.04091695882380009;0.04475004971027374;0.058125006034970284;0.04137493669986725;0.041207997128367424;0.04549999721348286;0.04566705320030451;0.04612503107637167;0.051332986913621426;0.04554097540676594;0.045459019020199776;0.044958083890378475;0.04320789594203234;0.04070799332112074;0.04124990664422512;0.040375045500695705;0.04345795605331659;0.044749933294951916;0.045332941226661205;0.045166932977735996;0.04487507976591587;0.04608405288308859;0.04612491466104984;0.04504190292209387;0.04145794082432985;0.043625012040138245;0.04095793701708317;0.04312500823289156;0.04499999340623617;0.04549999721348286;0.04449998959898949;0.04595797508955002;0.04445796366780996;0.045625027269124985;0.04554190672934055;0.04037492908537388;0.04083395469933748;0.04083407111465931;0.04087504930794239;0.04520895890891552;0.04433305002748966;0.04512490704655647;0.04562491085380316;0.045042019337415695;0.04741700831800699;0.04695798270404339;0.057666911743581295;0.057958997786045074;0.05195906851440668;0.040499959141016006;0.04033301956951618;0.042917090468108654;0.04412501584738493;0.04491698928177357;0.04600000102072954;0.04566693678498268;0.04225003067404032;0.040792045183479786;0.04054198507219553;0.0410410575568676;0.044874963350594044;0.045749940909445286;0.045708962716162205;0.04470907151699066;0.044792075641453266;0.046042026951909065;0.0452499371021986;0.04370906390249729;0.03975001163780689;0.04070799332112074;0.0411659711971879;0.04333397373557091;0.04445796366780996;0.04554202314466238;0.04516704939305782;0.044915941543877125;0.04554097540676594;0.04620791878551245;0.044917105697095394;0.040375045500695705;0.04016701132059097;0.04083395469933748;0.04258297849446535;0.04595797508955002;0.045332941226661205;0.04591699689626694;0.04591699689626694;0.045625027269124985;0.04458299372345209;0.04558300133794546;0.039958045817911625;0.04025001544505358;0.03995897714048624;0.042458996176719666;0.045874970965087414;0.04475004971027374;0.04545808769762516;0.04575005732476711;0.04754203837364912;0.04458299372345209;0.04549999721348286;0.04099996294826269;0.03995909355580807;0.040041981264948845;0.04058401100337505;0.044792075641453266;0.04437495954334736;0.04483305383473635;0.04441605415195227;0.04366692155599594;0.044625019654631615;0.0439169816672802;0.04191603511571884;0.03954092971980572;0.039958045817911625;0.039624981582164764;0.0427919439971447;0.04454096779227257;0.04454201553016901;0.04454201553016901;0.044958083890378475;0.04487507976591587;0.04508392885327339;0.0435409601777792;0.03975001163780689;0.03929098602384329;0.03925000783056021;0.04000007174909115;0.044541084207594395;0.04441698547452688;0.04429102409631014;0.04495796747505665;0.045208027586340904;0.04441698547452688;0.04691700451076031;0.04166702274233103;0.04066701512783766;0.04054198507219553;0.04029099363833666;0.045625027269124985;0.04529103171080351;0.044792075641453266;0.04454201553016901;0.04437495954334736;0.04600000102072954;0.04533305764198303;0.041874940507113934;0.040291924960911274;0.04083302337676287;0.04033301956951618;0.04329101648181677;0.04491698928177357;0.04570803139358759;0.0452499371021986;0.04508404526859522;0.04616600926965475;0.0451250234618783;0.043708947487175465;0.0411659711971879;0.04083302337676287;0.040624989196658134;0.044791027903556824;0.04529103171080351;0.04549999721348286;0.045625027269124985;0.04549999721348286;0.04545797128230333;0.045915949158370495;0.044625019654631615;0.041207997128367424;0.040624989196658134;0.04058296326547861;0.04341593012213707;0.04579196684062481;0.045749940909445286;0.04449998959898949;0.046083005145192146;0.04737498238682747;0.04449998959898949;0.04491698928177357;0.04045793320983648;0.03958400338888168;0.040041981264948845;0.041749910451471806;0.045208027586340904;0.04570791497826576;0.04520791117101908;0.0462500611320138;0.04470802377909422;0.04558393266052008;0.044958083890378475;0.041624996811151505;0.04133302718400955;0.04124990664422512;0.04058401100337505;0.04525005351752043;0.045459019020199776;0.04491698928177357;0.04449998959898949;0.04570907913148403;0.04575005732476711;0.046166940592229366;0.042209052480757236;0.04075001925230026;0.04083290696144104;0.0451250234618783;0.04525005351752043;0.045459019020199776;0.04545797128230333;0.0464579788967967;0.04558300133794546;0.04566705320030451;0.04541594535112381;0.04175002686679363;0.04337495192885399;0.04045804962515831;0.04070904105901718;0.04583399277180433;0.04575005732476711;0.04520907532423735;0.04604191053658724;0.0463330652564764;0.04579091910272837;0.0464579788967967;0.042958068661391735;0.04499999340623617;0.0499580055475235;0.059041078202426434;0.04641606938093901;0.04375004209578037;0.05691696424037218;0.04487507976591587;0.04533305764198303;0.04579196684062481;0.04341697786003351;0.04158401861786842;0.040375045500695705;0.04495901521295309;0.04533305764198303;0.04591699689626694;0.045792083255946636;0.04629208706319332;0.045749940909445286;0.0451250234618783;0.04558300133794546;0.04412501584738493;0.04083395469933748;0.04129204899072647;0.04199997056275606;0.04612503107637167;0.04770804662257433;0.04845799412578344;0.04895799793303013;0.04949991125613451;0.04941597580909729;0.04958303179591894;0.04604109562933445;0.04549999721348286;0.04741700831800699;0.05070795305073261;0.05337491165846586;0.050749978981912136;0.05324999801814556;0.05075009539723396;0.04954205360263586;0.04970806185156107;0.044749933294951916;0.04437495954334736;0.04358310252428055;0.04712503869086504;0.049749971367418766;0.04950002767145634;0.04895904567092657;0.05000003147870302;0.0487080542370677;0.049666035920381546;0.045749940909445286;0.04454096779227257;0.04641700070351362;0.049582915380597115;0.049166963435709476;0.05004194099456072;0.04920794162899256;0.04891701973974705;0.049833906814455986;0.04912505391985178;0.0464579788967967;0.04425004590302706;0.04433305002748966;0.045166932977735996;0.05024997517466545;0.04949991125613451;0.04879198968410492;0.048915972001850605;0.050166971050202847;0.050042057409882545;0.04666694439947605;0.04487507976591587;0.04425004590302706;0.049875001423060894;0.04879198968410492;0.04966591950505972;0.05020899698138237;0.05050003528594971;0.04912493750452995;0.0503340270370245;0.04924996756017208;0.04741700831800699;0.043791020289063454;0.04979199729859829;0.049791065976023674;0.049625057727098465;0.04954100586473942;0.04975008778274059;0.049708993174135685;0.04916603211313486;0.047291978262364864;0.04449998959898949;0.044625019654631615;0.04479195922613144;0.048915972001850605;0.05012494511902332;0.04962494131177664;0.04950002767145634;0.048291985876858234;0.04954100586473942;0.04937499761581421;0.043792068026959896;0.043625012040138245;0.04741700831800699;0.04883401561528444;0.04950002767145634;0.04824995994567871;0.0500410096719861;0.04937499761581421;0.04924996756017208;0.04895799793303013;0.044874963350594044;0.04441710188984871;0.04712503869086504;0.051915994845330715;0.049749971367418766;0.04900002386420965;0.04891701973974705;0.048999907448887825;0.05341705400496721;0.050292001105844975;0.04475004971027374;0.04437495954334736;0.04429090768098831;0.04766706842929125;0.04950002767145634;0.04970794543623924;0.049875001423060894;0.04970794543623924;0.05012494511902332;0.04962494131177664;0.04600000102072954;0.045082997530698776;0.04587508738040924;0.04787510260939598;0.04991702735424042;0.048666028305888176;0.04908395931124687;0.05012494511902332;0.05033391062170267;0.049625057727098465;0.0464579788967967;0.04499999340623617;0.04825007636100054;0.04962494131177664;0.046291970647871494;0.04912505391985178;0.04958303179591894;0.050416914746165276;0.050458009354770184;0.049625057727098465;0.04708394408226013;0.04475004971027374;0.04541606176644564;0.050292001105844975;0.04950002767145634;0.05200004670768976;0.050083035603165627;0.04954100586473942;0.050332979299128056;0.049458001740276814;0.04733307287096977;0.04354200791567564;0.04349998198449612;0.04487507976591587;0.04929094575345516;0.051915994845330715;0.05070806946605444;0.05224999040365219;0.04983297549188137;0.05204102490097284;0.05625002086162567;0.05091703496873379;0.04466704558581114;0.04733307287096977;0.050292001105844975;0.04900002386420965;0.04904100205749273;0.04983402322977781;0.04966591950505972;0.049875001423060894;0.04720909055322409;0.04449998959898949;0.04570803139358759;0.049791065976023674;0.049541937187314034;0.04850002005696297;0.048874993808567524;0.049541937187314034;0.050875009037554264;0.05216698627918959;0.04641595296561718;0.04395795986056328;0.04475004971027374;0.04445796366780996;0.048625050112605095;0.049332971684634686;0.05050003528594971;0.04904100205749273;0.049999915063381195;0.04883401561528444;0.04729104693979025;0.04341593012213707;0.04495901521295309;0.049458001740276814;0.04995788913220167;0.04983402322977781;0.05470809992402792;0.04991702735424042;0.04979199729859829;0.04970910958945751;0.04812504630535841;0.04445796366780996;0.04424992948770523;0.04941702354699373;0.04929094575345516;0.04837499000132084;0.04850002005696297;0.048666028305888176;0.049666035920381546;0.0504589406773448;0.049208989366889;0.04470907151699066;0.04408310633152723;0.04829210229218006;0.048625050112605095;0.049083027988672256;0.05033391062170267;0.050166971050202847;0.04920794162899256;0.049833906814455986;0.04954205360263586;0.04412501584738493;0.043625012040138245;0.046332948841154575;0.04679197445511818;0.04937499761581421;0.049833906814455986;0.049625057727098465;0.04941597580909729;0.04966696724295616;0.04937499761581421;0.044208019971847534;0.04445796366780996;0.04683295264840126;0.049458001740276814;0.048666028305888176;0.04950002767145634;0.049291993491351604;0.04962494131177664;0.04920794162899256;0.050166971050202847;0.046166940592229366;0.04449998959898949;0.046332948841154575;0.050332979299128056;0.049291993491351604;0.049458001740276814;0.04962494131177664;0.049083027988672256;0.05054206121712923;0.0499580055475235;0.04629092290997505;0.04475004971027374;0.04549999721348286;0.04879198968410492;0.04991702735424042;0.05020794924348593;0.049458001740276814;0.06399990525096655;0.04937499761581421;0.04970794543623924;0.04566705320030451;0.04483293741941452;0.05295802839100361;0.04604097921401262;0.05008408334106207;0.0504170311614871;0.04908291157335043;0.049166963435709476;0.050582922995090485;0.04958303179591894;0.045042019337415695;0.04479195922613144;0.047375098802149296;0.0499580055475235;0.049332971684634686;0.049625057727098465;0.04983297549188137;0.04950002767145634;0.048832967877388;0.05058303941041231;0.04612503107637167;0.04449998959898949;0.04620896652340889;0.04995905328541994;0.049083027988672256;0.04983297549188137;0.049208989366889;0.0498330919072032;0.04970794543623924;0.05012494511902332;0.04545797128230333;0.044625019654631615;0.04520895890891552;0.04691700451076031;0.04983297549188137;0.04954100586473942;0.049582915380597115;0.05020899698138237;0.048666028305888176;0.04916603211313486;0.046083005145192146;0.04441698547452688;0.047625042498111725;0.05000003147870302;0.04975008778274059;0.050292001105844975;0.04924996756017208;0.050458009354770184;0.04895799793303013;0.049208989366889;0.0462500611320138;0.04475004971027374;0.04383304622024298;0.050416914746165276;0.04920794162899256;0.04895799793303013;0.04916603211313486;0.04945893306285143;0.04920794162899256;0.052541960030794144;0.05204102490097284;0.058125006034970284;0.0439169816672802;0.04979199729859829;0.054875039495527744;0.04991691093891859;0.04900002386420965;0.049915979616343975;0.04933401942253113;0.04925008397549391;0.04445796366780996;0.04433305002748966;0.04633399657905102;0.04912493750452995;0.048874993808567524;0.048999907448887825;0.04970794543623924;0.050165923312306404;0.04950002767145634;0.04929094575345516;0.0475830165669322;0.047874986194074154;0.04454189911484718;0.04950002767145634;0.05049991887062788;0.04858395550400019;0.04912505391985178;0.04933308809995651;0.05037500523030758;0.050292001105844975;0.0463330652564764;0.04470802377909422;0.04566693678498268;0.05000003147870302;0.04845799412578344;0.04966708365827799;0.0491670798510313;0.05037500523030758;0.049541937187314034;0.05441706161946058;0.04741700831800699;0.044625019654631615;0.04495796747505665;0.049999915063381195;0.049915979616343975;0.05070795305073261;0.04937499761581421;0.050458009354770184;0.049958936870098114;0.04920794162899256;0.046083005145192146;0.04495901521295309;0.04495796747505665;0.049875001423060894;0.04958396311849356;0.05262496415525675;0.049875001423060894;0.050208065658807755;0.05024997517466545;0.049291993491351604;0.047459034249186516;0.0475000124424696;0.04433305002748966;0.04662491846829653;0.049416907131671906;0.048625050112605095;0.04879198968410492;0.049458001740276814;0.050083035603165627;0.05037500523030758;0.046332948841154575;0.04525005351752043;0.044459011405706406;0.05000003147870302;0.048874993808567524;0.05049991887062788;0.05416700150817633;0.04945893306285143;0.04995905328541994;0.049666035920381546;0.04741700831800699;0.04375004209578037;0.04333397373557091;0.049166963435709476;0.0487080542370677;0.04879094194620848;0.04895799793303013;0.049042049795389175;0.04908395931124687;0.05349994171410799;0.0468340003862977;0.044291955418884754;0.04441710188984871;0.04737498238682747;0.05012506153434515;0.051875016652047634;0.05041598342359066;0.05004194099456072;0.04924996756017208;0.04920794162899256;0.04895799793303013;0.043792068026959896;0.043708947487175465;0.0479590380564332;0.05008396692574024;0.050709000788629055;0.05049991887062788;0.05049991887062788;0.04991702735424042;0.05000003147870302;0.048749963752925396;0.04412501584738493;0.044958083890378475;0.048999907448887825;0.049458001740276814;0.050166971050202847;0.04937499761581421;0.049875001423060894;0.05012494511902332;0.04966591950505972;0.04933401942253113;0.04679092671722174;0.04316703416407108;0.04783296026289463;0.04945893306285143;0.04904100205749273;0.04912505391985178;0.05000003147870302;0.050165923312306404;0.04991702735424042;0.04937499761581421;0.04412501584738493;0.04433398135006428;0.047042034566402435;0.04908395931124687;0.050083035603165627;0.04962494131177664;0.04983297549188137;0.04954100586473942;0.050083035603165627;0.05570799112319946;0.052749994210898876;0.04458299372345209;0.04595797508955002;0.05024997517466545;0.049291993491351604;0.049458001740276814;0.049875001423060894;0.050083035603165627;0.0499580055475235;0.04958303179591894;0.04537496715784073;0.044874963350594044;0.04383304622024298;0.0479590380564332;0.04983297549188137;0.04970794543623924;0.049625057727098465;0.04924996756017208;0.04941609222441912;0.04958396311849356;0.04441698547452688;0.044082989916205406;0.04650000482797623;0.05370797589421272;0.05225010681897402;0.050458009354770184;0.0517918961122632;0.05224999040365219;0.05104194860905409;0.048291985876858234;0.044708955101668835;0.04499999340623617;0.04441605415195227;0.04850002005696297;0.04933401942253113;0.049584079533815384;0.04924996756017208;0.053458032198250294;0.049958936870098114;0.05358399357646704;0.04533398896455765;0.04395795986056328;0.045625027269124985;0.05270808469504118;0.05604198668152094;0.049708993174135685;0.049875001423060894;0.04912505391985178;0.05004194099456072;0.04891690332442522;0.04529207944869995;0.05487492308020592;0.04712503869086504;0.049291993491351604;0.04958303179591894;0.050625065341591835;0.05037500523030758;0.050083035603165627;0.050459057092666626;0.04841596819460392;0.05387491546571255;0.04445808008313179;0.047625042498111725;0.05012494511902332;0.050458009354770184;0.0504170311614871;0.05000003147870302;0.05266594234853983;0.050625065341591835;0.04766695201396942;0.04554202314466238;0.045082997530698776;0.050458009354770184;0.049541937187314034;0.049291993491351604;0.04920794162899256;0.049166963435709476;0.048832967877388;0.05254207644611597;0.04783307667821646;0.04458299372345209;0.04483305383473635;0.049042049795389175;0.049291993491351604;0.04912505391985178;0.04983402322977781;0.04891701973974705;0.049458001740276814;0.05024997517466545;0.048165908083319664;0.04412501584738493;0.04454201553016901;0.0487080542370677;0.049208989366889;0.04845892544835806;0.050332979299128056;0.049875001423060894;0.04950002767145634;0.04937499761581421;0.0487080542370677;0.04475004971027374;0.04470802377909422;0.0480839516967535;0.05658390000462532;0.050042057409882545;0.04954205360263586;0.04933308809995651;0.04945893306285143;0.04937499761581421;0.04812504630535841;0.04395900759845972;0.043915933929383755;0.04679197445511818;0.0487080542370677;0.04954205360263586;0.05037500523030758;0.04924996756017208;0.04970794543623924;0.049625057727098465;0.049582915380597115;0.04437495954334736;0.04416599404066801;0.046042026951909065;0.0499580055475235;0.049749971367418766;0.04866695962846279;0.049291993491351604;0.0491670798510313;0.049584079533815384;0.04895799793303013;0.04454201553016901;0.044915941543877125;0.04700000863522291;0.04895799793303013;0.0499580055475235;0.0539170578122139;0.048874993808567524;0.050459057092666626;0.05016603972762823;0.05041598342359066;0.045584049075841904;0.04529091529548168;0.04712503869086504;0.049915979616343975;0.049166963435709476;0.049332971684634686;0.049875001423060894;0.05295907612890005;0.050749978981912136;0.0564999645575881;0.044958083890378475;0.04400010220706463;0.05024997517466545;0.04950002767145634;0.050208065658807755;0.05016603972762823;0.050416914746165276;0.05412509199231863;0.04966708365827799;0.04891608841717243;0.0439999857917428;0.043874955736100674;0.04858302418142557;0.04995905328541994;0.050582922995090485;0.0499580055475235;0.05020899698138237;0.05008396692574024;0.05000003147870302;0.048915972001850605;0.045375083573162556;0.04400010220706463;0.048083020374178886;0.04979094956070185;0.05000003147870302;0.04966696724295616;0.048332964070141315;0.04941702354699373;0.05037500523030758;0.049458001740276814;0.04420895129442215;0.04495901521295309;0.046874978579580784;0.049208989366889;0.04954100586473942;0.04925008397549391;0.05250005051493645;0.053709023632109165;0.05324999801814556;0.05462497938424349;0.044500106014311314;0.04429102409631014;0.050083035603165627;0.053292023949325085;0.05000003147870302;0.0504170311614871;0.050625065341591835;0.05100003909319639;0.049958936870098114;0.047708977945148945;0.04391605034470558;0.043708947487175465;0.049332971684634686;0.049999915063381195;0.04958303179591894;0.05008396692574024;0.049749971367418766;0.04958303179591894;0.049291993491351604;0.048625050112605095;0.04454201553016901;0.04495901521295309;0.048749963752925396;0.049749971367418766;0.05049991887062788;0.049875001423060894;0.05020899698138237;0.049458001740276814;0.05000003147870302;0.04954205360263586;0.044082989916205406;0.044291955418884754;0.048166955821216106;0.04979199729859829;0.050040893256664276;0.04920794162899256;0.049332971684634686;0.04966696724295616;0.05020794924348593;0.049749971367418766;0.04491698928177357;0.04441605415195227;0.05216698627918959;0.050166971050202847;0.049792113713920116;0.05000003147870302;0.050541944801807404;0.049875001423060894;0.05016603972762823;0.05000003147870302;0.04525005351752043;0.04475004971027374;0.048832967877388;0.04991702735424042;0.04966708365827799;0.050292001105844975;0.04954205360263586;0.05024997517466545;0.04983297549188137;0.04991702735424042;0.0452499371021986;0.0439169816672802;0.04795799031853676;0.049875001423060894;0.04924996756017208;0.049625057727098465;0.049458001740276814;0.04937499761581421;0.05041598342359066;0.049625057727098465;0.04475004971027374;0.044625019654631615;0.04700000863522291;0.0499580055475235;0.049332971684634686;0.04937499761581421;0.04970806185156107;0.04958303179591894;0.049708993174135685;0.04991691093891859;0.04499999340623617;0.045208027586340904;0.04795799031853676;0.04983297549188137;0.05037488881498575;0.05012506153434515;0.05233404226601124;0.0487080542370677;0.04937499761581421;0.050083035603165627;0.0451250234618783;0.045082997530698776;0.04700000863522291;0.050166971050202847;0.050083035603165627;0.05195906851440668;0.049999915063381195;0.050083035603165627;0.04983402322977781;0.053416937589645386;0.04491698928177357;0.04425004590302706;0.04787510260939598;0.049584079533815384;0.049666035920381546;0.05012506153434515;0.05079200491309166;0.04937499761581421;0.049875001423060894;0.05008408334106207
messaging,RSA,handshake_latency_ms_raw,18.790583009831607
messaging,RSA,tx_bytes_raw,707;0
messaging,ECC,session_latency_ms_raw,47.95658297371119;47.91516705881804
messaging,ECC,message_latency_ms_raw,0.04470790736377239;0.042625004425644875;0.044208019971847534;0.04341593012213707;0.041375053115189075;0.04291697405278683;0.046042026951909065;0.044790911488235;0.04520907532423735;0.04754099063575268;0.045749940909445286;0.045625027269124985;0.04462490323930979;0.04549999721348286;0.04191603511571884;0.0402920413762331;0.040790997445583344;0.04591699689626694;0.045792083255946636;0.04549999721348286;0.046083005145192146;0.04650000482797623;0.04591699689626694;0.04658300895243883;0.04620896652340889;0.04141696263104677;0.04112499300390482;0.040499959141016006;0.041125109419226646;0.045375083573162556;0.04549999721348286;0.0451250234618783;0.04583399277180433;0.045208027586340904;0.046083005145192146;0.04641700070351362;0.04233396612107754;0.04125002305954695;0.04016596358269453;0.04441698547452688;0.04566705320030451;0.0464579788967967;0.045625027269124985;0.04595797508955002;0.04549999721348286;0.04416704177856445;0.046166940592229366;0.04283303860574961;0.04029099363833666;0.041041988879442215;0.04479195922613144;0.04591699689626694;0.04412501584738493;0.04566693678498268;0.04549999721348286;0.04441605415195227;0.044749933294951916;0.044625019654631615;0.04183303099125624;0.04045793320983648;0.04008400719612837;0.04341697786003351;0.04533305764198303;0.044874963350594044;0.04583306144922972;0.045625027269124985;0.044874963350594044;0.04529091529548168;0.045042019337415695;0.04499999340623617;0.040874932892620564;0.04108401481062174;0.04249997437000275;0.04449998959898949;0.04570907913148403;0.046208035200834274;0.04516704939305782;0.045749940909445286;0.044708955101668835;0.04541699308902025;0.04466692917048931;0.04029099363833666;0.0404169550165534;0.04325003828853369;0.04437495954334736;0.04583306144922972;0.04612503107637167;0.04654191434383392;0.04645809531211853;0.046083005145192146;0.04458311013877392;0.04370801616460085;0.04129100125283003;0.041624996811151505;0.04412501584738493;0.045625027269124985;0.04570791497826576;0.04545797128230333;0.04487507976591587;0.04570791497826576;0.044625019654631615;0.046083005145192146;0.04437495954334736;0.04137493669986725;0.041291932575404644;0.042625004425644875;0.04570803139358759;0.04575005732476711;0.0439169816672802;0.045291963033378124;0.04520791117101908;0.044584041461348534;0.045166932977735996;0.04475004971027374;0.04025001544505358;0.03991695120930672;0.04166702274233103;0.044332933612167835;0.044708955101668835;0.044792075641453266;0.04541594535112381;0.04520895890891552;0.045749940909445286;0.046291970647871494;0.04541699308902025;0.04120892845094204;0.0404169550165534;0.0416669063270092;0.04475004971027374;0.04445808008313179;0.04429102409631014;0.044375075958669186;0.044500106014311314;0.0439999857917428;0.044042011722922325;0.04312500823289156;0.04116701893508434;0.03958400338888168;0.03941694740206003;0.044375075958669186;0.044332933612167835;0.04366703797131777;0.0435409601777792;0.0439999857917428;0.04370789974927902;0.0439999857917428;0.043958076275885105;0.042874948121607304;0.03945804201066494;0.039082951843738556;0.047208042815327644;0.04408403765410185;0.043584033846855164;0.044166925363242626;0.04504097159951925;0.04449998959898949;0.044791027903556824;0.04458392504602671;0.043584033846855164;0.039458973333239555;0.0399579294025898;0.04108401481062174;0.044082989916205406;0.04424992948770523;0.04716601688414812;0.04612503107637167;0.046166940592229366;0.04533398896455765;0.0468340003862977;0.04700000863522291;0.05491706542670727;0.039458973333239555;0.04137493669986725;0.04395795986056328;0.04724995233118534;0.047708977945148945;0.04891701973974705;0.046334112994372845;0.04504190292209387;0.044874963350594044;0.04245794843882322;0.0399160198867321;0.03979098983108997;0.042541068978607655;0.04449998959898949;0.04454201553016901;0.04416704177856445;0.04437495954334736;0.04412501584738493;0.04416704177856445;0.04458299372345209;0.043584033846855164;0.04000007174909115;0.040291924960911274;0.041874940507113934;0.04433305002748966;0.044332933612167835;0.04412501584738493;0.044375075958669186;0.04449998959898949;0.04454096779227257;0.044749933294951916;0.0439999857917428;0.041624996811151505;0.04045793320983648;0.040665967389941216;0.04470802377909422;0.045042019337415695;0.04570803139358759;0.05000003147870302;0.04570791497826576;0.04558300133794546;0.04516704939305782;0.04516600165516138;0.041458988562226295;0.03945908974856138;0.03975001163780689;0.044625019654631615;0.044291955418884754;0.04429102409631014;0.04412501584738493;0.044291955418884754;0.0439169816672802;0.04454201553016901;0.04479195922613144;0.042332918383181095;0.03979098983108997;0.03962509799748659;0.043042004108428955;0.04895799793303013;0.046749948523938656;0.043917098082602024;0.044665997847914696;0.04420790355652571;0.04370789974927902;0.04416704177856445;0.04429102409631014;0.040958053432404995;0.040749902836978436;0.044042011722922325;0.045666005462408066;0.04558393266052008;0.04608393646776676;0.045625027269124985;0.04475004971027374;0.04800001624971628;0.04562491085380316;0.044208019971847534;0.04041707143187523;0.040665967389941216;0.044584041461348534;0.04687509499490261;0.04741700831800699;0.047791050747036934;0.048749963752925396;0.04900002386420965;0.048208050429821014;0.05016708746552467;0.04591699689626694;0.043791020289063454;0.04570791497826576;0.04841701593250036;0.048625050112605095;0.04850002005696297;0.04870793782174587;0.04962494131177664;0.04962494131177664;0.049625057727098465;0.04641700070351362;0.04433305002748966;0.04445796366780996;0.048999907448887825;0.048749963752925396;0.048832967877388;0.04912505391985178;0.04891608841717243;0.04891701973974705;0.04875008016824722;0.04683306906372309;0.04354200791567564;0.0434160465374589;0.047582900151610374;0.04895904567092657;0.049042049795389175;0.04891690332442522;0.048666028305888176;0.0491670798510313;0.049708993174135685;0.049042049795389175;0.04404108040034771;0.04416599404066801;0.04725006874650717;0.04737498238682747;0.04837499000132084;0.04904193338006735;0.049291993491351604;0.04879198968410492;0.049042049795389175;0.04912493750452995;0.04529091529548168;0.0438750721514225;0.046375091187655926;0.04895904567092657;0.04949991125613451;0.04895904567092657;0.04875008016824722;0.04900002386420965;0.049458001740276814;0.04854204598814249;0.045291963033378124;0.04341697786003351;0.047749956138432026;0.04833401180803776;0.048375106416642666;0.04941702354699373;0.049083027988672256;0.04904100205749273;0.048833899199962616;0.0491670798510313;0.04679197445511818;0.04354200791567564;0.04316703416407108;0.04854099825024605;0.049042049795389175;0.048166955821216106;0.0498330919072032;0.048874993808567524;0.04820898175239563;0.0512079568579793;0.04779198206961155;0.043665990233421326;0.04425004590302706;0.048332964070141315;0.051958952099084854;0.050332979299128056;0.050416914746165276;0.052459072321653366;0.048332964070141315;0.052042072638869286;0.05050003528594971;0.04800001624971628;0.04470907151699066;0.04433305002748966;0.049875001423060894;0.05162495654076338;0.048625050112605095;0.04854099825024605;0.04954100586473942;0.049332971684634686;0.04779198206961155;0.043625012040138245;0.04641606938093901;0.04691607318818569;0.048291985876858234;0.04866707604378462;0.04916603211313486;0.04912493750452995;0.04862493369728327;0.049166963435709476;0.04895799793303013;0.04433305002748966;0.04329206421971321;0.045915949158370495;0.048749963752925396;0.04925008397549391;0.048459041863679886;0.04858395550400019;0.048874993808567524;0.048915972001850605;0.04812504630535841;0.04491698928177357;0.04312500823289156;0.044625019654631615;0.04820898175239563;0.04941609222441912;0.04841701593250036;0.048708985559642315;0.048582907766103745;0.04866695962846279;0.04841596819460392;0.04650000482797623;0.043874955736100674;0.04345795605331659;0.048083020374178886;0.04800001624971628;0.04845799412578344;0.04866707604378462;0.04845892544835806;0.048749963752925396;0.048874993808567524;0.04845799412578344;0.04329206421971321;0.04666694439947605;0.04620908293873072;0.048874993808567524;0.04812504630535841;0.048416899517178535;0.04866695962846279;0.04845799412578344;0.04895799793303013;0.04845799412578344;0.04425004590302706;0.043459003791213036;0.04475004971027374;0.048874993808567524;0.048832967877388;0.04858302418142557;0.04837499000132084;0.04783296026289463;0.04837499000132084;0.0480839516967535;0.05062494892627001;0.0439999857917428;0.0439169816672802;0.04858395550400019;0.04966696724295616;0.04845799412578344;0.05387491546571255;0.04850002005696297;0.04929106216877699;0.04816602449864149;0.046791043132543564;0.04370789974927902;0.04391605034470558;0.04766706842929125;0.04850002005696297;0.047666020691394806;0.048459041863679886;0.04841608460992575;0.04895904567092657;0.04929106216877699;0.048791058361530304;0.0463749747723341;0.04329101648181677;0.04741596058011055;0.04854204598814249;0.048459041863679886;0.04866695962846279;0.04891701973974705;0.04858302418142557;0.04854192957282066;0.048749963752925396;0.04441698547452688;0.04420790355652571;0.04570803139358759;0.04895799793303013;0.04854204598814249;0.04829105455428362;0.04929094575345516;0.048832967877388;0.04866695962846279;0.048165908083319664;0.04516704939305782;0.04345795605331659;0.047332956455647945;0.04779093433171511;0.04883401561528444;0.04741607699543238;0.048708985559642315;0.04816602449864149;0.047915964387357235;0.047332956455647945;0.04695903044193983;0.04324992187321186;0.04416599404066801;0.04712503869086504;0.04895904567092657;0.048291985876858234;0.048625050112605095;0.04854192957282066;0.048708985559642315;0.04862493369728327;0.04900002386420965;0.05291705019772053;0.05537504330277443;0.043375068344175816;0.04879198968410492;0.04837499000132084;0.04954205360263586;0.04858302418142557;0.048749963752925396;0.04845892544835806;0.04837499000132084;0.044665997847914696;0.04324992187321186;0.045792083255946636;0.0487080542370677;0.04850002005696297;0.04858302418142557;0.0480839516967535;0.04820793401449919;0.048083020374178886;0.048083020374178886;0.04437495954334736;0.04366703797131777;0.04354200791567564;0.04895799793303013;0.048291985876858234;0.04804099444299936;0.051083043217659;0.04812504630535841;0.048083020374178886;0.048291985876858234;0.046666013076901436;0.042625004425644875;0.04329090006649494;0.05350005812942982;0.05149992648512125;0.04891701973974705;0.04841701593250036;0.04841701593250036;0.048708985559642315;0.05229189991950989;0.0487080542370677;0.043082982301712036;0.0438750721514225;0.04708289634436369;0.048749963752925396;0.04870793782174587;0.04866695962846279;0.048625050112605095;0.04937499761581421;0.048166955821216106;0.04833401180803776;0.043166917748749256;0.04337495192885399;0.04570791497826576;0.048832967877388;0.0480839516967535;0.04854204598814249;0.04841701593250036;0.047791050747036934;0.04837499000132084;0.047749956138432026;0.044665997847914696;0.04291604273021221;0.04424992948770523;0.0475000124424696;0.047625042498111725;0.047708977945148945;0.04850002005696297;0.04804192576557398;0.04854099825024605;0.04895799793303013;0.04845799412578344;0.04324992187321186;0.044375075958669186;0.04795799031853676;0.04850002005696297;0.04866695962846279;0.04833401180803776;0.04829105455428362;0.048625050112605095;0.04854099825024605;0.04883401561528444;0.043625012040138245;0.04700000863522291;0.04600000102072954;0.048291985876858234;0.04854204598814249;0.04850002005696297;0.0479590380564332;0.04891701973974705;0.049042049795389175;0.04904193338006735;0.044749933294951916;0.0439999857917428;0.044375075958669186;0.04854204598814249;0.04833401180803776;0.04912505391985178;0.04850002005696297;0.04920794162899256;0.04854099825024605;0.048832967877388;0.0464579788967967;0.04395795986056328;0.043792068026959896;0.04879198968410492;0.048791058361530304;0.04800001624971628;0.04824995994567871;0.05141703877598047;0.048042042180895805;0.04841701593250036;0.04775007255375385;0.042500090785324574;0.04279089625924826;0.04687509499490261;0.04824995994567871;0.04841596819460392;0.04837499000132084;0.051083043217659;0.048749963752925396;0.04891701973974705;0.04891701973974705;0.04416599404066801;0.04383292980492115;0.04537496715784073;0.048749963752925396;0.04854192957282066;0.04866695962846279;0.04900002386420965;0.048874993808567524;0.048208050429821014;0.048874993808567524;0.045459019020199776;0.043291947804391384;0.04375004209578037;0.04833389539271593;0.047749956138432026;0.048874993808567524;0.0477079302072525;0.04891701973974705;0.04775007255375385;0.04850002005696297;0.046874978579580784;0.04316598642617464;0.04299997817724943;0.04866695962846279;0.04950002767145634;0.04929210990667343;0.05266699008643627;0.04908291157335043;0.048083020374178886;0.04841701593250036;0.04891701973974705;0.0435409601777792;0.04404096398502588;0.046332948841154575;0.04837499000132084;0.048584071919322014;0.04825007636100054;0.050875009037554264;0.048749963752925396;0.04879198968410492;0.04837499000132084;0.044874963350594044;0.04312500823289156;0.044625019654631615;0.04879198968410492;0.049291993491351604;0.04862493369728327;0.04824995994567871;0.04904100205749273;0.04837499000132084;0.048874993808567524;0.046166940592229366;0.04370801616460085;0.04349998198449612;0.049291993491351604;0.048625050112605095;0.04866695962846279;0.048416899517178535;0.04891701973974705;0.04795799031853676;0.04837499000132084;0.04795799031853676;0.04341697786003351;0.04358298610895872;0.04733400419354439;0.04929106216877699;0.05425000563263893;0.04866591189056635;0.04949991125613451;0.04800001624971628;0.04791608080267906;0.048874993808567524;0.044042011722922325;0.04320789594203234;0.048459041863679886;0.04824995994567871;0.04808290395885706;0.04841596819460392;0.05266699008643627;0.05083403084427118;0.05024997517466545;0.05395908374339342;0.050208065658807755;0.05725002847611904;0.05904200952500105;0.04375004209578037;0.04858302418142557;0.048832967877388;0.04791701212525368;0.04812504630535841;0.04883401561528444;0.04712503869086504;0.04383292980492115;0.043792068026959896;0.05554105155169964;0.049083027988672256;0.04950002767145634;0.04891701973974705;0.05629193037748337;0.048625050112605095;0.05133403465151787;0.04766706842929125;0.04349998198449612;0.04412501584738493;0.048083020374178886;0.04858302418142557;0.04791701212525368;0.0515420688316226;0.04800001624971628;0.0588330440223217;0.050875009037554264;0.057999975979328156;0.04587508738040924;0.043500098399817944;0.04724995233118534;0.049166963435709476;0.04791701212525368;0.05179096478968859;0.050749978981912136;0.048874993808567524;0.04779198206961155;0.04666706081479788;0.04299997817724943;0.04370801616460085;0.04841701593250036;0.04833401180803776;0.04883308429270983;0.04862493369728327;0.04916603211313486;0.051999930292367935;0.04850002005696297;0.047915964387357235;0.04325003828853369;0.043625012040138245;0.0464579788967967;0.04870910197496414;0.04933401942253113;0.04862493369728327;0.04858395550400019;0.04850002005696297;0.048582907766103745;0.04837499000132084;0.04441593773663044;0.043874955736100674;0.04600000102072954;0.04858395550400019;0.04904100205749273;0.04816707223653793;0.047999899834394455;0.048291985876858234;0.048874993808567524;0.04925008397549391;0.045625027269124985;0.043625012040138245;0.04433398135006428;0.04866707604378462;0.04891608841717243;0.05129107739776373;0.04854099825024605;0.04912505391985178;0.04879198968410492;0.048416899517178535;0.04716706462204456;0.04358298610895872;0.04375004209578037;0.0480839516967535;0.04866591189056635;0.04870793782174587;0.048874993808567524;0.048999907448887825;0.049291993491351604;0.04870793782174587;0.048166955821216106;0.04375004209578037;0.04379195161163807;0.04666706081479788;0.04916603211313486;0.04879198968410492;0.04900002386420965;0.04895799793303013;0.04808406811207533;0.04833401180803776;0.04837499000132084;0.043915933929383755;0.04345795605331659;0.04591699689626694;0.048874993808567524;0.04883401561528444;0.048874993808567524;0.04879094194620848;0.04895799793303013;0.04933401942253113;0.048666028305888176;0.046083005145192146;0.043791020289063454;0.04454201553016901;0.048666028305888176;0.04879094194620848;0.04912505391985178;0.04895799793303013;0.04912493750452995;0.04870793782174587;0.04941702354699373;0.0475000124424696;0.04316598642617464;0.04366703797131777;0.0475830165669322;0.048166955821216106;0.04891701973974705;0.04866707604378462;0.048666028305888176;0.04879198968410492;0.048874993808567524;0.049459049478173256;0.04337495192885399;0.043915933929383755;0.04600000102072954;0.04812492989003658;0.04879094194620848;0.04941702354699373;0.05079200491309166;0.04862493369728327;0.04912505391985178;0.04891701973974705;0.044584041461348534;0.04395900759845972;0.04533398896455765;0.04929210990667343;0.04854099825024605;0.04816707223653793;0.053541967645287514;0.04800001624971628;0.0480839516967535;0.04866591189056635;0.046459026634693146;0.043665990233421326;0.04424992948770523;0.04908395931124687;0.05100003909319639;0.04891701973974705;0.0491670798510313;0.04908395931124687;0.04916603211313486;0.04845799412578344;0.047083012759685516;0.04808406811207533;0.05945796146988869;0.05779101047664881;0.04504097159951925;0.04854099825024605;0.051958952099084854;0.04975008778274059;0.048874993808567524;0.04812504630535841;0.04495796747505665;0.043792068026959896;0.04495796747505665;0.0487080542370677;0.04908395931124687;0.04824995994567871;0.048832967877388;0.049208989366889;0.04875008016824722;0.04850002005696297;0.04620791878551245;0.043375068344175816;0.042874948121607304;0.04766706842929125;0.04895799793303013;0.048291985876858234;0.04854099825024605;0.04824995994567871;0.04816602449864149;0.047874986194074154;0.04800001624971628;0.04333304241299629;0.04354200791567564;0.045749940909445286;0.04883401561528444;0.048874993808567524;0.04770804662257433;0.04858302418142557;0.048042042180895805;0.048584071919322014;0.04800001624971628;0.04475004971027374;0.04345807246863842;0.0441248994320631;0.04800001624971628;0.04866695962846279;0.04916603211313486;0.049208989366889;0.04829093813896179;0.048791058361530304;0.04812504630535841;0.0463749747723341;0.044042011722922325;0.04329090006649494;0.048042042180895805;0.047958921641111374;0.048874993808567524;0.04858302418142557;0.04841596819460392;0.048999907448887825;0.04824995994567871;0.047708977945148945;0.04333397373557091;0.04383397754281759;0.04583294503390789;0.048999907448887825;0.04783400800079107;0.04945893306285143;0.048666028305888176;0.04829210229218006;0.048584071919322014;0.04850002005696297;0.04429102409631014;0.04370801616460085;0.044332933612167835;0.05079095717519522;0.04820793401449919;0.04891701973974705;0.048208050429821014;0.048291985876858234;0.048999907448887825;0.04812504630535841;0.04983297549188137;0.04324992187321186;0.043166917748749256;0.04850002005696297;0.04875008016824722;0.04833308048546314;0.04879198968410492;0.04850002005696297;0.04845811054110527;0.04837499000132084;0.0476249260827899;0.04325003828853369;0.04337495192885399;0.047042034566402435;0.048749963752925396;0.048791058361530304;0.04883308429270983;0.04866707604378462;0.047375098802149296;0.04954205360263586;0.04941597580909729;0.04495796747505665;0.04395795986056328;0.04549999721348286;0.04841608460992575;0.04833308048546314;0.048749963752925396;0.04841701593250036;0.04816602449864149;0.048166955821216106;0.048375106416642666;0.044917105697095394;0.04366692155599594;0.04395795986056328;0.05662499461323023;0.05149992648512125;0.04870793782174587;0.051458016969263554;0.05012494511902332;0.05029095336794853;0.04912493750452995;0.04970794543623924;0.056958990171551704;0.04508392885327339;0.046915956772863865;0.04779198206961155;0.048332964070141315;0.04845892544835806;0.048915972001850605;0.04854204598814249;0.04812504630535841;0.04545808769762516;0.0434160465374589;0.043625012040138245;0.04850002005696297;0.04862493369728327;0.04858302418142557;0.04833401180803776;0.04858302418142557;0.050915987230837345;0.048999907448887825;0.04670803900808096;0.04362489562481642;0.04329101648181677;0.0480839516967535;0.04937499761581421;0.04904100205749273;0.04900002386420965;0.048708985559642315;0.04841701593250036;0.049458001740276814;0.048874993808567524;0.04370801616460085;0.04800001624971628;0.04712503869086504;0.048332964070141315;0.04862493369728327;0.048083020374178886;0.04570791497826576;0.04383292980492115;0.04441698547452688;0.04425004590302706;0.04004209768027067;0.03933394327759743;0.039541046135127544;0.043792068026959896;0.04404096398502588;0.0438750721514225;0.04695798270404339;0.044082989916205406;0.04425004590302706;0.0438750721514225;0.04404096398502588;0.04170800093561411;0.03908306825906038;0.03954197745770216;0.04258297849446535;0.04316703416407108;0.04383292980492115;0.043792068026959896;0.043541076593101025;0.04412501584738493;0.04391605034470558;0.043332925997674465;0.04412501584738493;0.04012498538941145;0.039499951526522636;0.04016701132059097;0.043874955736100674;0.043625012040138245;0.04366692155599594;0.08116697426885366;0.04945893306285143;0.04262488801032305;0.0415000831708312;0.04212500061839819;0.04225003067404032;0.04499999340623617;0.04158308729529381;0.041624996811151505;0.04183303099125624;0.04100007936358452;0.041334074921905994;0.04108401481062174;0.041499966755509377;0.04100007936358452;0.04045804962515831;0.04133302718400955;0.04166702274233103;0.04166702274233103;0.04124990664422512;0.040416023693978786;0.04170800093561411;0.040917075239121914;0.04129204899072647;0.04125002305954695;0.040332903154194355;0.040166894905269146;0.041041988879442215;0.04087504930794239;0.0415419926866889;0.040665967389941216;0.04133302718400955;0.04087504930794239;0.04112499300390482;0.039375037886202335;0.04083395469933748;0.041082967072725296;0.04016596358269453;0.04083290696144104;0.04137493669986725;0.040499959141016006;0.04087504930794239;0.04541699308902025;0.04866695962846279;0.049541937187314034;0.040541053749620914;0.04045804962515831;0.04095898475497961;0.04091695882380009;0.04008400719612837;0.03975001163780689;0.040749902836978436;0.04075001925230026;0.042665982618927956;0.040958053432404995;0.040624989196658134;0.040207989513874054;0.04070904105901718;0.041207997128367424;0.04141591489315033;0.04058296326547861;0.03999995533376932;0.041207997128367424;0.040207989513874054;0.040790997445583344;0.04037492908537388;0.04070799332112074;0.04099996294826269;0.04045793320983648;0.04058307968080044;0.04100007936358452;0.04116701893508434;0.04041707143187523;0.040458980947732925;0.04066701512783766;0.040708924643695354;0.04083302337676287;0.04008307587355375;0.04025001544505358;0.039207981899380684;0.040207989513874054;0.04033301956951618;0.04099996294826269;0.04075001925230026;0.04449998959898949;0.04495901521295309;0.04583399277180433;0.043874955736100674;0.03941694740206003;0.03883405588567257;0.040125101804733276;0.039209029637277126;0.04008307587355375;0.04045804962515831;0.04025001544505358;0.04066701512783766;0.04045793320983648;0.0410410575568676;0.04045804962515831;0.04441593773663044;0.042749918065965176;0.05016708746552467;0.04116701893508434;0.04124990664422512;0.04249997437000275;0.04516704939305782;0.04475004971027374;0.04499999340623617;0.04495901521295309;0.04608393646776676;0.04487507976591587;0.040792045183479786;0.040125101804733276;0.040499959141016006;0.04037492908537388;0.04041590727865696;0.04095793701708317;0.040624989196658134;0.040958053432404995;0.040792045183479786;0.04045804962515831;0.0411659711971879;0.04054198507219553;0.050083035603165627;0.04570803139358759;0.04075001925230026;0.040624989196658134;0.04066701512783766;0.04066701512783766;0.04058296326547861;0.04445796366780996;0.045082997530698776;0.044792075641453266;0.04570803139358759;0.04183396231383085;0.04187505692243576;0.041499966755509377;0.040915911085903645;0.04141696263104677;0.05608308129012585;0.041665975004434586;0.0415419926866889;0.04583399277180433;0.05458400119096041;0.056958990171551704;0.05391589365899563;0.07633399218320847;0.07837498560547829;0.051458016969263554;0.04845799412578344;0.051875016652047634;0.0475830165669322;0.04858395550400019;0.05070795305073261;0.041874940507113934;0.04158308729529381;0.04099996294826269;0.04037492908537388;0.0462500611320138;0.041665975004434586;0.0414170790463686;0.04083407111465931;0.04112499300390482;0.04170800093561411;0.04075001925230026;0.04133302718400955;0.041416031308472157;0.04112499300390482;0.041082967072725296;0.040499959141016006;0.04116701893508434;0.04141696263104677;0.04183291457593441;0.041291932575404644;0.04708394408226013;0.04954100586473942;0.041207997128367424;0.040624989196658134;0.03999995533376932;0.04033301956951618;0.04058401100337505;0.0398330157622695;0.045625027269124985;0.041375053115189075;0.04100007936358452;0.04025001544505358;0.040209037251770496;0.040082959458231926;0.040958053432404995;0.04449998959898949;0.040624989196658134;0.04016701132059097;0.05258305463939905;0.044375075958669186;0.04095793701708317;0.04129100125283003;0.041207997128367424;0.04112499300390482;0.04133395850658417;0.04066689871251583;0.04066701512783766;0.04129100125283003;0.04012498538941145;0.040207989513874054;0.0399579294025898;0.040125101804733276;0.03995897714048624;0.041291932575404644;0.045708962716162205;0.04579091910272837;0.04591699689626694;0.04383292980492115;0.04050007555633783;0.04199997056275606;0.04204094875603914;0.04108401481062174;0.04283396992832422;0.04291697405278683;0.04337495192885399;0.04329206421971321;0.04300009459257126;0.04345795605331659;0.043791020289063454;0.04458299372345209;0.04433305002748966;0.04408392123878002;0.048874993808567524;0.04924996756017208;0.04891701973974705;0.07950002327561378;0.0500410096719861;0.0439999857917428;0.046958099119365215;0.044208019971847534;0.044042011722922325;0.044332933612167835;0.04383397754281759;0.04479195922613144;0.044334097765386105;0.04379195161163807;0.04520907532423735;0.04375004209578037;0.04491698928177357;0.04441698547452688;0.04554202314466238;0.045166932977735996;0.04454201553016901;0.04508392885327339;0.04429207183420658;0.04458299372345209;0.044665997847914696;0.04375004209578037;0.044166925363242626;0.04333304241299629;0.04441698547452688;0.04337495192885399;0.04412501584738493;0.0438750721514225;0.04395795986056328;0.04383397754281759;0.046291970647871494;0.055208103731274605;0.043208012357354164;0.043625012040138245;0.044332933612167835;0.043375068344175816;0.043874955736100674;0.04358298610895872;0.04366703797131777;0.04404096398502588;0.04366692155599594;0.0439169816672802;0.04320894367992878;0.04358298610895872;0.04412501584738493;0.04349998198449612;0.04395795986056328;0.04345795605331659;0.04337495192885399;0.04358298610895872;0.04366692155599594;0.04712503869086504;0.05162495654076338;0.05020794924348593;0.05483301356434822;0.049458001740276814;0.0451250234618783;0.05520798731595278;0.0464579788967967;0.06074993871152401;0.05566701292991638;0.060333055444061756;0.044332933612167835;0.04437495954334736;0.04370906390249729;0.04470907151699066;0.04441593773663044;0.0439169816672802;0.04345795605331659;0.04412501584738493;0.043625012040138245;0.05258305463939905;0.05958392284810543;0.04895904567092657;0.04870793782174587;0.05891697946935892;0.04541699308902025;0.04358298610895872;0.043749925680458546;0.04720909055322409;0.04345795605331659;0.04370906390249729;0.04379195161163807;0.051749986596405506;0.04316598642617464;0.04954205360263586;0.04658300895243883;0.044082989916205406;0.04316703416407108;0.04400010220706463;0.04766706842929125;0.048582907766103745;0.047874986194074154;0.04858302418142557;0.04879198968410492;0.04883308429270983;0.04854204598814249;0.048999907448887825;0.044208019971847534;0.04420895129442215;0.04454201553016901;0.043874955736100674;0.043874955736100674;0.04654191434383392;0.043791020289063454;0.04375004209578037;0.045749940909445286;0.04854204598814249;0.048832967877388;0.04375004209578037;0.04337495192885399;0.04587508738040924;0.04791701212525368;0.04816707223653793;0.04833308048546314;0.049459049478173256;0.04858302418142557;0.04841701593250036;0.0511660473421216;0.044917105697095394;0.04333304241299629;0.043042004108428955;0.043082982301712036;0.04291697405278683;0.04866707604378462;0.048541114665567875;0.04837499000132084;0.04824995994567871;0.05162495654076338;0.047332956455647945;0.04345807246863842;0.04366703797131777;0.04358298610895872;0.04341697786003351;0.04579196684062481;0.049166963435709476;0.049291993491351604;0.04845799412578344;0.048625050112605095;0.04837499000132084;0.04566693678498268;0.04379195161163807;0.04366692155599594;0.044791027903556824;0.04895799793303013;0.04866707604378462;0.04879198968410492;0.04845799412578344;0.049166963435709476;0.04895799793303013;0.0476249260827899;0.04345807246863842;0.04337495192885399;0.04329206421971321;0.043042004108428955;0.04491698928177357;0.048332964070141315;0.048749963752925396;0.04804192576557398;0.048042042180895805;0.04837499000132084;0.04412501584738493;0.042749918065965176;0.043792068026959896;0.0439999857917428;0.049208989366889;0.04866695962846279;0.048459041863679886;0.04862493369728327;0.051458016969263554;0.04841701593250036;0.04716601688414812;0.043291947804391384;0.04395795986056328;0.04358298610895872;0.04795799031853676;0.048832967877388;0.049332971684634686;0.04908395931124687;0.04866707604378462;0.04929106216877699;0.0491670798510313;0.04458311013877392;0.04466704558581114;0.04437495954334736;0.0464998884126544;0.04883401561528444;0.04912493750452995;0.04845799412578344;0.04912493750452995;0.048874993808567524;0.04854204598814249;0.04562491085380316;0.04366703797131777;0.04449998959898949;0.04541699308902025;0.04958303179591894;0.04900002386420965;0.0491670798510313;0.049666035920381546;0.04912493750452995;0.04991702735424042;0.047999899834394455;0.044375075958669186;0.04395795986056328;0.05191704258322716;0.047083012759685516;0.04954100586473942;0.05079200491309166;0.05312496796250343;0.0540419714525342;0.053875031881034374;0.0475000124424696;0.04400010220706463;0.04495796747505665;0.04879198968410492;0.05608401261270046;0.05120900459587574;0.051999930292367935;0.051208073273301125;0.049042049795389175;0.04950002767145634;0.04770909436047077;0.045958091504871845;0.04854204598814249;0.05920801777392626;0.04541606176644564;0.04924996756017208;0.04958303179591894;0.06133399438112974;0.04912505391985178;0.05049991887062788;0.04541699308902025;0.053750001825392246;0.0452499371021986;0.0475000124424696;0.04933401942253113;0.049749971367418766;0.05029095336794853;0.05037500523030758;0.06270897574722767;0.051999930292367935;0.05645793862640858;0.044208019971847534;0.044459011405706406;0.04325003828853369;0.04470790736377239;0.04962494131177664;0.05258305463939905;0.04941702354699373;0.05000003147870302;0.04958303179591894;0.04462490323930979;0.044874963350594044;0.04600000102072954;0.04912505391985178;0.04904193338006735;0.0491670798510313;0.05270796827971935;0.050083035603165627;0.05000003147870302;0.05000003147870302;0.04466704558581114;0.044915941543877125;0.04537496715784073;0.04866695962846279;0.05224999040365219;0.04970806185156107;0.050332979299128056;0.05000003147870302;0.04979199729859829;0.05058303941041231;0.0480839516967535;0.044874963350594044;0.044792075641453266;0.048332964070141315;0.049875001423060894;0.048874993808567524;0.04937499761581421;0.05062494892627001;0.049749971367418766;0.05054101347923279;0.04549999721348286;0.04495796747505665;0.04537496715784073;0.04825007636100054;0.050292001105844975;0.05008408334106207;0.05054101347923279;0.05024997517466545;0.04941702354699373;0.05049991887062788;0.04570791497826576;0.04445808008313179;0.045042019337415695;0.04712503869086504;0.05037500523030758;0.049625057727098465;0.05025009158998728;0.0491670798510313;0.04833401180803776;0.04779198206961155;0.04600000102072954;0.044874963350594044;0.04437495954334736;0.04558393266052008;0.05020794924348593;0.048915972001850605;0.04829093813896179;0.04924996756017208;0.04962494131177664;0.049584079533815384;0.048375106416642666;0.04424992948770523;0.044042011722922325;0.04470907151699066;0.04804192576557398;0.04866707604378462;0.04912505391985178;0.049332971684634686;0.05020794924348593;0.049749971367418766;0.04966696724295616;0.04458299372345209;0.04454096779227257;0.04395795986056328;0.048291985876858234;0.05000003147870302;0.049625057727098465;0.049208989366889;0.04983402322977781;0.049291993491351604;0.048874993808567524;0.04499999340623617;0.048625050112605095;0.04854204598814249;0.05829194560647011;0.06304203998297453;0.058750039897859097;0.05508295726031065;0.05858403164893389;0.04466704558581114;0.04449998959898949;0.04537496715784073;0.04650000482797623;0.05720893386751413;0.049083027988672256;0.04962494131177664;0.04991702735424042;0.0500829191878438;0.05100003909319639;0.05008396692574024;0.044665997847914696;0.05095789674669504;0.044625019654631615;0.05154102109372616;0.04954100586473942;0.05816703196614981;0.05050003528594971;0.05012506153434515;0.050083035603165627;0.049083027988672256;0.04537496715784073;0.04454096779227257;0.0451250234618783;0.04720897413790226;0.050875009037554264;0.0504589406773448;0.049458001740276814;0.049332971684634686;0.05012494511902332;0.05037500523030758;0.04658300895243883;0.04437495954334736;0.04983297549188137;0.04983297549188137;0.04924996756017208;0.04841701593250036;0.05058303941041231;0.0499580055475235;0.049915979616343975;0.04945893306285143;0.045874970965087414;0.05320797208696604;0.04495796747505665;0.04624994471669197;0.04941597580909729;0.04945893306285143;0.050166971050202847;0.0498330919072032;0.050458009354770184;0.049875001423060894;0.04449998959898949;0.04441710188984871;0.04491698928177357;0.04716601688414812;0.049749971367418766;0.048749963752925396;0.049749971367418766;0.04941702354699373;0.04954205360263586;0.04966591950505972;0.04833401180803776;0.04554202314466238;0.045082997530698776;0.049958936870098114;0.049459049478173256;0.050292001105844975;0.04912493750452995;0.0539170578122139;0.049749971367418766;0.048999907448887825;0.045874970965087414;0.04424992948770523;0.04879094194620848;0.046749948523938656;0.050042057409882545;0.049208058044314384;0.04979094956070185;0.05016708746552467;0.04858302418142557;0.05037500523030758;0.0475000124424696;0.044958083890378475;0.04549999721348286;0.04912493750452995;0.04941702354699373;0.04991702735424042;0.04912505391985178;0.04925008397549391;0.049915979616343975;0.049541937187314034;0.047874986194074154;0.04499999340623617;0.04495796747505665;0.045208027586340904;0.04950002767145634;0.04949991125613451;0.04962494131177664;0.05012506153434515;0.05058397073298693;0.04950002767145634;0.04850002005696297;0.04470790736377239;0.04499999340623617;0.048832967877388;0.0499580055475235;0.050083035603165627;0.04937499761581421;0.04895799793303013;0.04966696724295616;0.049875001423060894;0.049208989366889;0.04370801616460085;0.04458392504602671;0.048208050429821014;0.049999915063381195;0.049459049478173256;0.04895799793303013;0.04966708365827799;0.049875001423060894;0.049083027988672256;0.04941702354699373;0.04412501584738493;0.04458299372345209;0.0475000124424696;0.049708993174135685;0.04983297549188137;0.050042057409882545;0.050166971050202847;0.05000003147870302;0.049875001423060894;0.048832967877388;0.04412501584738493;0.044332933612167835;0.04458299372345209;0.047166948206722736;0.04941702354699373;0.05012506153434515;0.049459049478173256;0.049208058044314384;0.048625050112605095;0.04958303179591894;0.04666706081479788;0.045166932977735996;0.045332941226661205;0.04962494131177664;0.05237502045929432;0.05070806946605444;0.049042049795389175;0.052458024583756924;0.05024997517466545;0.05037500523030758;0.045291963033378124;0.044792075641453266;0.044915941543877125;0.04670792259275913;0.0493339030072093;0.04979199729859829;0.05024997517466545;0.050083035603165627;0.050332979299128056;0.050292001105844975;0.046874978579580784;0.04845799412578344;0.05608296487480402;0.05845795385539532;0.06266694981604815;0.054875039495527744;0.05500006955116987;0.05162495654076338;0.0499580055475235;0.047083012759685516;0.044749933294951916;0.04470907151699066;0.044208019971847534;0.049999915063381195;0.04895799793303013;0.05033391062170267;0.05324999801814556;0.050042057409882545;0.059542013332247734;0.046874978579580784;0.04554097540676594;0.04475004971027374;0.04629208706319332;0.051292008720338345;0.0499580055475235;0.05058397073298693;0.05024997517466545;0.05024997517466545;0.0499580055475235;0.047792098484933376;0.04495796747505665;0.04600000102072954;0.05012506153434515;0.04979199729859829;0.050292001105844975;0.05079200491309166;0.05024997517466545;0.05054206121712923;0.053416937589645386;0.046915956772863865;0.04525005351752043;0.0452499371021986;0.04979094956070185;0.050166971050202847;0.05041598342359066;0.04966696724295616;0.05837494973093271;0.05212496034801006;0.04924996756017208;0.04549999721348286;0.04449998959898949;0.044874963350594044;0.046874978579580784;0.051332986913621426;0.0504170311614871;0.0493339030072093;0.04991702735424042;0.04966696724295616;0.04966696724295616;0.0462500611320138;0.044332933612167835;0.04475004971027374;0.05037500523030758;0.04954100586473942;0.0499160960316658;0.0499580055475235;0.04937499761581421;0.04924996756017208;0.049416907131671906;0.04733400419354439;0.04316598642617464;0.04408403765410185;0.049625057727098465;0.04958303179591894;0.04862493369728327;0.04975008778274059;0.04925008397549391;0.0491670798510313;0.04895799793303013;0.047792098484933376;0.044917105697095394;0.044291955418884754;0.04841596819460392;0.04962494131177664;0.048915972001850605;0.049291993491351604;0.049208058044314384;0.04883401561528444;0.05050003528594971;0.049541937187314034;0.04412501584738493;0.04441605415195227;0.048291985876858234;0.049749971367418766;0.04912493750452995;0.0491670798510313;0.04950002767145634;0.05024997517466545;0.049749971367418766;0.04983297549188137;0.045082997530698776;0.04391605034470558;0.049208989366889;0.05304103251546621;0.050458009354770184;0.05445792339742184;0.054875039495527744;0.05037500523030758;0.04991702735424042;0.0475000124424696;0.04483305383473635;0.04470802377909422;0.04487507976591587;0.050292001105844975;0.04941702354699373;0.05000003147870302;0.049332971684634686;0.050332979299128056;0.0491670798510313;0.049458001740276814;0.04499999340623617;0.04508392885327339;0.048166955821216106;0.049875001423060894;0.0499580055475235;0.04866695962846279;0.04954100586473942;0.05029106978327036;0.0498330919072032;0.05050003528594971;0.04499999340623617;0.04495901521295309;0.04866695962846279;0.04950002767145634;0.049749971367418766;0.050541944801807404;0.04962494131177664;0.050292001105844975;0.050083035603165627;0.04991691093891859;0.04445808008313179;0.04337495192885399;0.047291978262364864;0.05395908374339342;0.05100003909319639;0.05179096478968859;0.05141599103808403;0.049208058044314384;0.04937499761581421;0.048625050112605095;0.04308403003960848;0.04408403765410185;0.044874963350594044;0.048459041863679886;0.050166971050202847;0.049541937187314034;0.0499580055475235;0.049875001423060894;0.04950002767145634;0.04958303179591894;0.05466700531542301;0.04541710950434208;0.04583294503390789;0.05024997517466545;0.04850002005696297;0.05137501284480095;0.05945900920778513;0.05020794924348593;0.04958303179591894;0.048625050112605095;0.047166948206722736;0.04470790736377239;0.04850002005696297;0.04924996756017208;0.04941702354699373;0.049791065976023674;0.049875001423060894;0.04950002767145634;0.049875001423060894;0.04958303179591894;0.04516704939305782;0.04495796747505665;0.050749978981912136;0.05054101347923279;0.049625057727098465;0.049584079533815384;0.049166963435709476;0.04966696724295616;0.05000003147870302;0.04950002767145634;0.04470802377909422;0.0451250234618783;0.047874986194074154;0.05283299833536148;0.05000003147870302;0.049875001423060894;0.049749971367418766;0.04970806185156107;0.04979199729859829;0.048958929255604744;0.04441710188984871;0.04458299372345209;0.04791689570993185;0.05008408334106207;0.05324999801814556;0.050791073590517044;0.05000003147870302;0.0499580055475235;0.04941702354699373;0.0491670798510313;0.045082997530698776;0.043874955736100674;0.04837499000132084;0.06154098082333803;0.050915987230837345;0.050666043534874916;0.04970794543623924;0.0503340270370245;0.04991691093891859;0.04754203837364912;0.04425004590302706;0.04708394408226013;0.05904200952500105;0.05370809230953455;0.055292039178311825;0.050166971050202847;0.04991702735424042;0.04983297549188137;0.05012506153434515;0.04670803900808096;0.043874955736100674;0.04437495954334736;0.04554202314466238;0.04924996756017208
messaging,ECC,handshake_latency_ms_raw,0.2877080114558339
messaging,ECC,tx_bytes_raw,356;0
messaging,KYBER,session_latency_ms_raw,46.46458302158862;48.02266706246883
messaging,KYBER,message_latency_ms_raw,0.04879094194620848;0.046042026951909065;0.04499999340623617;0.041665975004434586;0.0415000831708312;0.040790997445583344;0.04195899236947298;0.048416899517178535;0.04641700070351362;0.04491605795919895;0.04487507976591587;0.045332941226661205;0.04545808769762516;0.04529207944869995;0.04166702274233103;0.040458980947732925;0.040624989196658134;0.04654203075915575;0.04583306144922972;0.04483305383473635;0.04562491085380316;0.0451250234618783;0.04529207944869995;0.045874970965087414;0.046083005145192146;0.04525005351752043;0.04312489181756973;0.05104101728647947;0.06816710811108351;0.06412493530660868;0.05341705400496721;0.03875000402331352;0.03883300814777613;0.04395795986056328;0.044874963350594044;0.041791005060076714;0.04054198507219553;0.04133395850658417;0.040624989196658134;0.04087504930794239;0.040665967389941216;0.04570791497826576;0.045625027269124985;0.047375098802149296;0.04558300133794546;0.04087504930794239;0.04458311013877392;0.044332933612167835;0.04120892845094204;0.04512490704655647;0.04070799332112074;0.04125002305954695;0.04083302337676287;0.04100007936358452;0.04324992187321186;0.04158297087997198;0.040915911085903645;0.048999907448887825;0.04070799332112074;0.0415419926866889;0.0415419926866889;0.041291932575404644;0.04125002305954695;0.041209044866263866;0.04308403003960848;0.04383304622024298;0.04075001925230026;0.04091695882380009;0.04058401100337505;0.040291924960911274;0.04108308348804712;0.041207997128367424;0.0402920413762331;0.04133302718400955;0.04137493669986725;0.040499959141016006;0.04108401481062174;0.041041988879442215;0.040624989196658134;0.04012498538941145;0.04112499300390482;0.041041988879442215;0.041291932575404644;0.040207989513874054;0.04087504930794239;0.041416031308472157;0.040958053432404995;0.040416023693978786;0.040624989196658134;0.04075001925230026;0.040499959141016006;0.04008307587355375;0.04070799332112074;0.040958053432404995;0.04125002305954695;0.04054093733429909;0.04091602750122547;0.04129204899072647;0.041375053115189075;0.0411659711971879;0.0399160198867321;0.04170800093561411;0.03999995533376932;0.04070799332112074;0.04091695882380009;0.04054198507219553;0.040416023693978786;0.041207997128367424;0.040332903154194355;0.041499966755509377;0.040917075239121914;0.04433398135006428;0.04554190672934055;0.044541084207594395;0.045208027586340904;0.04608405288308859;0.045708962716162205;0.050749978981912136;0.04383292980492115;0.04066689871251583;0.040082959458231926;0.04125002305954695;0.041375053115189075;0.040207989513874054;0.04108401481062174;0.04108308348804712;0.04091695882380009;0.040291924960911274;0.04054198507219553;0.040958053432404995;0.04024989902973175;0.0402920413762331;0.044874963350594044;0.045375083573162556;0.04600000102072954;0.04529091529548168;0.04549999721348286;0.04591699689626694;0.04499999340623617;0.04541699308902025;0.04025001544505358;0.0402920413762331;0.040792045183479786;0.04083302337676287;0.04058401100337505;0.04075001925230026;0.04000007174909115;0.041499966755509377;0.04108308348804712;0.040958053432404995;0.03995897714048624;0.04120892845094204;0.04066689871251583;0.040624989196658134;0.04241603892296553;0.04470790736377239;0.04525005351752043;0.04608393646776676;0.04525005351752043;0.04516704939305782;0.044874963350594044;0.045042019337415695;0.04491698928177357;0.041375053115189075;0.04070799332112074;0.04087504930794239;0.040917075239121914;0.04075001925230026;0.04158297087997198;0.04100007936358452;0.04075001925230026;0.0415419926866889;0.04570907913148403;0.045208027586340904;0.04358298610895872;0.04058401100337505;0.039792037568986416;0.039792037568986416;0.04241708666086197;0.04537496715784073;0.04483398515731096;0.04499999340623617;0.04520791117101908;0.04462490323930979;0.04433398135006428;0.045874970965087414;0.04108308348804712;0.04058307968080044;0.03999995533376932;0.03999995533376932;0.04025001544505358;0.04404096398502588;0.045042019337415695;0.044584041461348534;0.0451250234618783;0.04483305383473635;0.04433305002748966;0.04199997056275606;0.040207989513874054;0.040416023693978786;0.04000007174909115;0.03937492147088051;0.041541061364114285;0.04491698928177357;0.044042011722922325;0.044082989916205406;0.04425004590302706;0.04424992948770523;0.04841701593250036;0.04045804962515831;0.04254200030118227;0.04491698928177357;0.049165915697813034;0.06345799192786217;0.05700008478015661;0.049458001740276814;0.050625065341591835;0.03875000402331352;0.038541038520634174;0.03783300053328276;0.03841693978756666;0.038375030271708965;0.03841693978756666;0.03833300434052944;0.03854196984320879;0.03875000402331352;0.03895896952599287;0.03933301195502281;0.041207997128367424;0.04133302718400955;0.039665959775447845;0.04804192576557398;0.03945804201066494;0.046042026951909065;0.03941706381738186;0.040291924960911274;0.04016607999801636;0.04095793701708317;0.04066608380526304;0.040874932892620564;0.04333397373557091;0.040375045500695705;0.041082967072725296;0.04116608761250973;0.041499966755509377;0.040665967389941216;0.04087504930794239;0.041624996811151505;0.04158297087997198;0.042209052480757236;0.04249997437000275;0.04299997817724943;0.04333397373557091;0.04487507976591587;0.04466704558581114;0.04441698547452688;0.0451250234618783;0.04479195922613144;0.045208027586340904;0.05041598342359066;0.044915941543877125;0.04549999721348286;0.045625027269124985;0.04541699308902025;0.04537496715784073;0.044708955101668835;0.04833308048546314;0.045208027586340904;0.04441698547452688;0.04541699308902025;0.045082997530698776;0.04479195922613144;0.044791027903556824;0.0452499371021986;0.044584041461348534;0.045166932977735996;0.04466704558581114;0.044291955418884754;0.04375004209578037;0.04437495954334736;0.043625012040138245;0.04504190292209387;0.044874963350594044;0.044625019654631615;0.044791027903556824;0.04449998959898949;0.044208019971847534;0.044665997847914696;0.04441605415195227;0.04533305764198303;0.044749933294951916;0.04491698928177357;0.04824995994567871;0.050042057409882545;0.04912505391985178;0.049666035920381546;0.052833929657936096;0.04979199729859829;0.044874963350594044;0.04433305002748966;0.04483305383473635;0.04529103171080351;0.044874963350594044;0.04449998959898949;0.04441593773663044;0.05308294203132391;0.04491605795919895;0.04483305383473635;0.044749933294951916;0.04504097159951925;0.045166932977735996;0.0451250234618783;0.04495796747505665;0.0499580055475235;0.04979199729859829;0.05020899698138237;0.051958952099084854;0.050749978981912136;0.04800001624971628;0.04437495954334736;0.04449998959898949;0.044332933612167835;0.04458299372345209;0.04487507976591587;0.044915941543877125;0.04495796747505665;0.046874978579580784;0.04983402322977781;0.05054206121712923;0.04466692917048931;0.045625027269124985;0.04449998959898949;0.045082997530698776;0.04483293741941452;0.04991702735424042;0.04879198968410492;0.05625002086162567;0.05150004290044308;0.04954205360263586;0.04441698547452688;0.043958076275885105;0.04404108040034771;0.04445808008313179;0.044917105697095394;0.044708955101668835;0.04495796747505665;0.045584049075841904;0.04841701593250036;0.04945893306285143;0.04991702735424042;0.04391605034470558;0.04483398515731096;0.04425004590302706;0.0475000124424696;0.04954205360263586;0.050166971050202847;0.049875001423060894;0.04954100586473942;0.04979199729859829;0.050875009037554264;0.04595797508955002;0.04566693678498268;0.04549999721348286;0.044791027903556824;0.04429207183420658;0.04454201553016901;0.04437495954334736;0.04424992948770523;0.04937499761581421;0.04950002767145634;0.04816707223653793;0.04520791117101908;0.0451250234618783;0.04920794162899256;0.050541944801807404;0.049875001423060894;0.05024997517466545;0.05054206121712923;0.05062494892627001;0.04900002386420965;0.04866695962846279;0.04433398135006428;0.04383304622024298;0.04458392504602671;0.04433398135006428;0.04712503869086504;0.04937499761581421;0.049291993491351604;0.06700004450976849;0.06916595157235861;0.06391690112650394;0.05866703577339649;0.04533305764198303;0.04458299372345209;0.044708955101668835;0.04491698928177357;0.04416704177856445;0.04445889499038458;0.04470802377909422;0.043208012357354164;0.044665997847914696;0.0438750721514225;0.04345807246863842;0.0438750721514225;0.0515839783474803;0.04304095637053251;0.05449994932860136;0.04366703797131777;0.05149992648512125;0.04408403765410185;0.04366703797131777;0.04366703797131777;0.04737498238682747;0.043791020289063454;0.04383397754281759;0.0439999857917428;0.04379090387374163;0.04370906390249729;0.04641700070351362;0.04391605034470558;0.043874955736100674;0.04383397754281759;0.044208019971847534;0.04316703416407108;0.043749925680458546;0.04291697405278683;0.04333397373557091;0.0439999857917428;0.0439999857917428;0.043749925680458546;0.04316703416407108;0.04299997817724943;0.04345807246863842;0.043584033846855164;0.04341593012213707;0.043625012040138245;0.0439999857917428;0.04437495954334736;0.04349998198449612;0.04416704177856445;0.04370801616460085;0.04383304622024298;0.04362489562481642;0.04358310252428055;0.04349998198449612;0.044208019971847534;0.04316703416407108;0.043291947804391384;0.04312500823289156;0.04912505391985178;0.047666020691394806;0.04858395550400019;0.04895799793303013;0.04895904567092657;0.048832967877388;0.04479195922613144;0.04391605034470558;0.04429102409631014;0.04316703416407108;0.043332925997674465;0.04341593012213707;0.04695798270404339;0.0624160747975111;0.044625019654631615;0.04358298610895872;0.043584033846855164;0.04358298610895872;0.043749925680458546;0.043375068344175816;0.043625012040138245;0.05266594234853983;0.04900002386420965;0.04854192957282066;0.04900002386420965;0.04879198968410492;0.048666028305888176;0.04366692155599594;0.04358310252428055;0.04383397754281759;0.043082982301712036;0.052416929975152016;0.044042011722922325;0.04320894367992878;0.044625019654631615;0.04641595296561718;0.04891701973974705;0.04854192957282066;0.04358298610895872;0.04383292980492115;0.04366692155599594;0.046666013076901436;0.04854204598814249;0.048166955821216106;0.04854099825024605;0.04879198968410492;0.048708985559642315;0.04833401180803776;0.04470802377909422;0.04370801616460085;0.043459003791213036;0.04337495192885399;0.04349998198449612;0.043208012357354164;0.04612491466104984;0.0438750721514225;0.04429207183420658;0.049166963435709476;0.0476249260827899;0.04458392504602671;0.043082982301712036;0.045291963033378124;0.04837499000132084;0.049291993491351604;0.048625050112605095;0.048915972001850605;0.04883401561528444;0.049208058044314384;0.048291985876858234;0.04720897413790226;0.04354189150035381;0.043792068026959896;0.04345795605331659;0.04304095637053251;0.047459034249186516;0.04845892544835806;0.04812504630535841;0.048459041863679886;0.04845892544835806;0.04850002005696297;0.043375068344175816;0.04337495192885399;0.042874948121607304;0.043334090150892735;0.04433305002748966;0.048459041863679886;0.04879198968410492;0.04783296026289463;0.048625050112605095;0.04825007636100054;0.046792090870440006;0.043375068344175816;0.043332925997674465;0.04370906390249729;0.05095801316201687;0.048083020374178886;0.04866707604378462;0.047874986194074154;0.04866695962846279;0.04800001624971628;0.04812492989003658;0.04329090006649494;0.043042004108428955;0.043082982301712036;0.04333397373557091;0.04358391743153334;0.051083043217659;0.04795799031853676;0.048166955821216106;0.04745798651129007;0.04837499000132084;0.04641700070351362;0.04329206421971321;0.046375091187655926;0.04787510260939598;0.06120791658759117;0.05612499080598354;0.06066600326448679;0.05095906089991331;0.04570803139358759;0.048874993808567524;0.04445808008313179;0.043375068344175816;0.0451250234618783;0.04812504630535841;0.04783307667821646;0.04816602449864149;0.049915979616343975;0.048291985876858234;0.05558400880545378;0.04837499000132084;0.04541699308902025;0.049459049478173256;0.04337495192885399;0.043291947804391384;0.04370801616460085;0.04766695201396942;0.048915972001850605;0.05120900459587574;0.04829105455428362;0.04850002005696297;0.04766695201396942;0.04370906390249729;0.04379195161163807;0.04329206421971321;0.04720792640000582;0.04824995994567871;0.04937499761581421;0.048708985559642315;0.07345899939537048;0.050458009354770184;0.04583294503390789;0.046166940592229366;0.04541699308902025;0.04533398896455765;0.04508404526859522;0.04454201553016901;0.04449998959898949;0.04516704939305782;0.04525005351752043;0.048291985876858234;0.053582945838570595;0.046332948841154575;0.04516704939305782;0.04495796747505665;0.04545797128230333;0.044874963350594044;0.04433398135006428;0.044874963350594044;0.04562491085380316;0.045208027586340904;0.044874963350594044;0.04366703797131777;0.044665997847914696;0.04420906770974398;0.04379195161163807;0.04441698547452688;0.044790911488235;0.0439169816672802;0.04495796747505665;0.045208027586340904;0.044874963350594044;0.045082997530698776;0.04549999721348286;0.04737498238682747;0.044042011722922325;0.044584041461348534;0.04437495954334736;0.04445796366780996;0.04454201553016901;0.04495796747505665;0.04429090768098831;0.044584041461348534;0.04437495954334736;0.044625019654631615;0.044665997847914696;0.04733307287096977;0.044665997847914696;0.04466704558581114;0.044332933612167835;0.043665990233421326;0.044749933294951916;0.04516600165516138;0.04808290395885706;0.045042019337415695;0.044792075641453266;0.04554202314466238;0.04475004971027374;0.04445808008313179;0.044958083890378475;0.04383304622024298;0.043625012040138245;0.04383292980492115;0.0477079302072525;0.04937499761581421;0.04958396311849356;0.04641595296561718;0.045082997530698776;0.04520907532423735;0.044874963350594044;0.04533398896455765;0.04441593773663044;0.04383304622024298;0.044082989916205406;0.04800001624971628;0.04924996756017208;0.049875001423060894;0.04429207183420658;0.044915941543877125;0.04375004209578037;0.04425004590302706;0.045749940909445286;0.05012494511902332;0.04958396311849356;0.05079200491309166;0.05050003528594971;0.0516669824719429;0.0512079568579793;0.04466692917048931;0.04416704177856445;0.04454189911484718;0.04429102409631014;0.04437495954334736;0.04437495954334736;0.0438750721514225;0.04833308048546314;0.050042057409882545;0.048166955821216106;0.043625012040138245;0.04370789974927902;0.04370801616460085;0.047666020691394806;0.049584079533815384;0.04837499000132084;0.049083027988672256;0.04875008016824722;0.048584071919322014;0.05279097240418196;0.04720897413790226;0.04329206421971321;0.04441698547452688;0.04483293741941452;0.043665990233421326;0.04449998959898949;0.04437495954334736;0.04408403765410185;0.04895799793303013;0.04950002767145634;0.04854204598814249;0.043749925680458546;0.04683295264840126;0.048832967877388;0.04937499761581421;0.049166963435709476;0.049458001740276814;0.04900002386420965;0.048666028305888176;0.048749963752925396;0.04875008016824722;0.043332925997674465;0.0439999857917428;0.043874955736100674;0.042917090468108654;0.04525005351752043;0.04912493750452995;0.04908395931124687;0.048459041863679886;0.04895799793303013;0.06600003689527512;0.07158401422202587;0.06441702134907246;0.05295791197568178;0.045082997530698776;0.04537496715784073;0.04558300133794546;0.04666706081479788;0.04912505391985178;0.049708993174135685;0.04833308048546314;0.04433398135006428;0.04395900759845972;0.043625012040138245;0.04375004209578037;0.04412501584738493;0.05175010301172733;0.043791020289063454;0.050541944801807404;0.04837499000132084;0.05308398976922035;0.04483293741941452;0.04429102409631014;0.04429207183420658;0.04483293741941452;0.046083005145192146;0.043291947804391384;0.04375004209578037;0.050459057092666626;0.04433398135006428;0.04395795986056328;0.04325003828853369;0.043042004108428955;0.04449998959898949;0.044915941543877125;0.043958076275885105;0.04449998959898949;0.04466692917048931;0.04433398135006428;0.044291955418884754;0.04437495954334736;0.04512490704655647;0.04366692155599594;0.04420906770974398;0.044042011722922325;0.04370801616460085;0.04316703416407108;0.044208019971847534;0.04341697786003351;0.04420790355652571;0.04658300895243883;0.04424992948770523;0.04370801616460085;0.04424992948770523;0.04425004590302706;0.04433398135006428;0.04345795605331659;0.0435409601777792;0.04429102409631014;0.04333304241299629;0.043166917748749256;0.043500098399817944;0.04375004209578037;0.042874948121607304;0.04291697405278683;0.043332925997674465;0.04358298610895872;0.04366703797131777;0.04341697786003351;0.04612503107637167;0.04812504630535841;0.04745798651129007;0.048625050112605095;0.05316606257110834;0.048915972001850605;0.04641700070351362;0.042750034481287;0.04412501584738493;0.043958076275885105;0.042665982618927956;0.04354200791567564;0.043208012357354164;0.043208012357354164;0.04320894367992878;0.047208042815327644;0.043584033846855164;0.04316703416407108;0.04270800855010748;0.0427919439971447;0.044792075641453266;0.049083027988672256;0.05108292680233717;0.04841701593250036;0.04791701212525368;0.0652089947834611;0.04841701593250036;0.04824995994567871;0.04383292980492115;0.04329101648181677;0.043166917748749256;0.044082989916205406;0.04370801616460085;0.04375004209578037;0.042958068661391735;0.042750034481287;0.042750034481287;0.04345795605331659;0.04299997817724943;0.043874955736100674;0.04329101648181677;0.048042042180895805;0.04800001624971628;0.048749963752925396;0.04845892544835806;0.049083027988672256;0.04908291157335043;0.048332964070141315;0.04833401180803776;0.04462490323930979;0.04329206421971321;0.0427919439971447;0.042958068661391735;0.04358298610895872;0.043791020289063454;0.0435409601777792;0.04270800855010748;0.04850002005696297;0.04720897413790226;0.04783296026289463;0.0438750721514225;0.04366703797131777;0.04379195161163807;0.04541699308902025;0.04895904567092657;0.04916603211313486;0.04854099825024605;0.04866591189056635;0.047874986194074154;0.04824995994567871;0.0463749747723341;0.043375068344175816;0.04358298610895872;0.04300009459257126;0.043375068344175816;0.04558393266052008;0.0479590380564332;0.04854204598814249;0.04833401180803776;0.04816602449864149;0.04950002767145634;0.04437495954334736;0.04420906770974398;0.043874955736100674;0.04341593012213707;0.042750034481287;0.048291985876858234;0.04841608460992575;0.04895799793303013;0.048708985559642315;0.048332964070141315;0.04654203075915575;0.04358391743153334;0.04358298610895872;0.04433305002748966;0.04804099444299936;0.048749963752925396;0.04850002005696297;0.048666028305888176;0.048874993808567524;0.04829105455428362;0.04816602449864149;0.04445808008313179;0.04333397373557091;0.043208012357354164;0.043625012040138245;0.043082982301712036;0.05304196383804083;0.050915987230837345;0.0648329732939601;0.05570892244577408;0.048915972001850605;0.044584041461348534;0.04437495954334736;0.04441698547452688;0.04383304622024298;0.0438750721514225;0.04549999721348286;0.04366692155599594;0.04412501584738493;0.05008396692574024;0.04383304622024298;0.04445808008313179;0.043708947487175465;0.0439999857917428;0.04437495954334736;0.05141703877598047;0.04370801616460085;0.04475004971027374;0.044208019971847534;0.046874978579580784;0.05512498319149017;0.04416704177856445;0.04445796366780996;0.04383292980492115;0.04429102409631014;0.04383397754281759;0.043625012040138245;0.04408403765410185;0.043625012040138245;0.04424992948770523;0.04416704177856445;0.04395900759845972;0.04412501584738493;0.04370801616460085;0.04370801616460085;0.0439169816672802;0.04441605415195227;0.0439999857917428;0.04341697786003351;0.044332933612167835;0.04366703797131777;0.043625012040138245;0.04345795605331659;0.043291947804391384;0.0439999857917428;0.04308403003960848;0.043874955736100674;0.04354200791567564;0.043208012357354164;0.047666020691394806;0.048874993808567524;0.048791058361530304;0.049459049478173256;0.04908395931124687;0.04866591189056635;0.046584056690335274;0.043625012040138245;0.0451250234618783;0.04341697786003351;0.04316598642617464;0.043541076593101025;0.044166925363242626;0.04325003828853369;0.04424992948770523;0.04454201553016901;0.04341697786003351;0.04366703797131777;0.043791020289063454;0.04654098302125931;0.048999907448887825;0.04858302418142557;0.04808406811207533;0.04879198968410492;0.04854099825024605;0.04854099825024605;0.04754099063575268;0.04700000863522291;0.04383304622024298;0.046625034883618355;0.04712492227554321;0.05820801015943289;0.046666013076901436;0.04295899998396635;0.04104094114154577;0.040041981264948845;0.04033301956951618;0.04033301956951618;0.03975001163780689;0.03966700751334429;0.0414170790463686;0.04375004209578037;0.0524159986525774;0.04433305002748966;0.04437495954334736;0.043708947487175465;0.043917098082602024;0.0439169816672802;0.0440418953076005;0.04179193638265133;0.039083999581635;0.03933301195502281;0.03929203376173973;0.03912497777491808;0.03995897714048624;0.04395900759845972;0.0439169816672802;0.04333397373557091;0.04383304622024298;0.04349998198449612;0.0439169816672802;0.040375045500695705;0.0398330157622695;0.039458973333239555;0.03883300814777613;0.04395795986056328;0.04416704177856445;0.04408310633152723;0.04383304622024298;0.043708947487175465;0.04400010220706463;0.043665990233421326;0.042625004425644875;0.03933301195502281;0.039082951843738556;0.04175002686679363;0.041792052797973156;0.04370801616460085;0.043665990233421326;0.04341697786003351;0.043749925680458546;0.04312489181756973;0.043541076593101025;0.04333397373557091;0.04012498538941145;0.039375037886202335;0.03970798570662737;0.0389590859413147;0.04320906009525061;0.0438750721514225;0.04383397754281759;0.04291697405278683;0.04370801616460085;0.04329206421971321;0.04445796366780996;0.04333397373557091;0.03933394327759743;0.039041973650455475;0.03900006413459778;0.03991695120930672;0.043791020289063454;0.043042004108428955;0.043291947804391384;0.04341697786003351;0.04349998198449612;0.04358298610895872;0.04354200791567564;0.041749910451471806;0.03945792559534311;0.03941694740206003;0.03858294803649187;0.042625004425644875;0.04545808769762516;0.045042019337415695;0.04583399277180433;0.04499999340623617;0.04470802377909422;0.04595797508955002;0.04595797508955002;0.04099996294826269;0.041334074921905994;0.03975001163780689;0.04220788832753897;0.0451250234618783;0.044208019971847534;0.04475004971027374;0.04495796747505665;0.04541699308902025;0.04441710188984871;0.04483293741941452;0.040792045183479786;0.039708917029201984;0.06474996916949749;0.05608308129012585;0.05670799873769283;0.056750024668872356;0.04045793320983648;0.03999995533376932;0.04083302337676287;0.04445796366780996;0.042625004425644875;0.039209029637277126;0.0391670037060976;0.03941589966416359;0.03950006794184446;0.039375037886202335;0.039917067624628544;0.03966700751334429;0.03979192115366459;0.03925000783056021;0.0516669824719429;0.03933301195502281;0.04412501584738493;0.039541046135127544;0.039207981899380684;0.04979199729859829;0.039209029637277126;0.03937492147088051;0.03941589966416359;0.040207989513874054;0.04241697024554014;0.03975001163780689;0.039624981582164764;0.03929203376173973;0.03954209387302399;0.03970798570662737;0.03995909355580807;0.039375037886202335;0.03958307206630707;0.03966700751334429;0.03979098983108997;0.0397911062464118;0.06150000263005495;0.04604191053658724;0.04225003067404032;0.04129100125283003;0.040458980947732925;0.041332910768687725;0.041541061364114285;0.0410410575568676;0.041624996811151505;0.041499966755509377;0.0415419926866889;0.041499966755509377;0.040790997445583344;0.04145805723965168;0.041458988562226295;0.04112499300390482;0.041624996811151505;0.041915918700397015;0.04116608761250973;0.04070904105901718;0.04004209768027067;0.04141696263104677;0.041207997128367424;0.04070799332112074;0.04166609141975641;0.041416031308472157;0.041041988879442215;0.04095898475497961;0.039958045817911625;0.040499959141016006;0.04045793320983648;0.039665959775447845;0.04016596358269453;0.040375045500695705;0.040082959458231926;0.04012498538941145;0.0399160198867321;0.0400409335270524;0.040624989196658134;0.04045793320983648;0.040792045183479786;0.042665982618927956;0.04054093733429909;0.04137493669986725;0.040291924960911274;0.04129100125283003;0.04133302718400955;0.040624989196658134;0.040624989196658134;0.040499959141016006;0.040041981264948845;0.04050007555633783;0.03979098983108997;0.04258309490978718;0.04037492908537388;0.040209037251770496;0.04024989902973175;0.03954197745770216;0.040624989196658134;0.0404169550165534;0.04025001544505358;0.03975001163780689;0.04020810592919588;0.041082967072725296;0.04783296026289463;0.04083302337676287;0.04116608761250973;0.04016596358269453;0.041125109419226646;0.03995897714048624;0.039792037568986416;0.04241697024554014;0.04424992948770523;0.0441248994320631;0.044874963350594044;0.043082982301712036;0.04004104994237423;0.03995909355580807;0.03987504169344902;0.04033301956951618;0.040207989513874054;0.041041988879442215;0.04087504930794239;0.040958053432404995;0.04470802377909422;0.04558300133794546;0.05383405368775129;0.041499966755509377;0.046332948841154575;0.05462497938424349;0.040624989196658134;0.04116701893508434;0.040624989196658134;0.04083302337676287;0.03987492527812719;0.039665959775447845;0.0399160198867321;0.04187505692243576;0.042625004425644875;0.039665959775447845;0.03924989141523838;0.03941694740206003;0.039041973650455475;0.04158297087997198;0.043792068026959896;0.04358298610895872;0.04375004209578037;0.04395900759845972;0.05095906089991331;0.050083035603165627;0.04095898475497961;0.05183299072086811;0.04679197445511818;0.04308403003960848;0.04195794463157654;0.04424992948770523;0.04383397754281759;0.04429207183420658;0.044625019654631615;0.04904100205749273;0.04925008397549391;0.045749940909445286;0.04537496715784073;0.045166932977735996;0.04525005351752043;0.0452499371021986;0.049291993491351604;0.05016603972762823;0.05025009158998728;0.049875001423060894;0.050999922677874565;0.05058303941041231;0.05416700150817633;0.04591699689626694;0.045082997530698776;0.047874986194074154;0.045625027269124985;0.04495901521295309;0.04541594535112381;0.04483398515731096;0.045666005462408066;0.045792083255946636;0.04650000482797623;0.04512490704655647;0.04575005732476711;0.04870793782174587;0.05037500523030758;0.050791073590517044;0.04983402322977781;0.05058303941041231;0.050749978981912136;0.06975000724196434;0.049915979616343975;0.04558300133794546;0.04337495192885399;0.047874986194074154;0.04499999340623617;0.04429090768098831;0.04491698928177357;0.044874963350594044;0.0451250234618783;0.04433305002748966;0.04349998198449612;0.04470802377909422;0.046666013076901436;0.04458299372345209;0.044042011722922325;0.048915972001850605;0.04424992948770523;0.05112495273351669;0.044291955418884754;0.044625019654631615;0.04445796366780996;0.04470907151699066;0.0439999857917428;0.043915933929383755;0.04354200791567564;0.050915987230837345;0.050541944801807404;0.043541076593101025;0.043208012357354164;0.04370801616460085;0.052875024266541004;0.05504197906702757;0.04670803900808096;0.04441698547452688;0.044541084207594395;0.045291963033378124;0.04495796747505665;0.04499999340623617;0.04412501584738493;0.04441605415195227;0.044792075641453266;0.045082997530698776;0.04454201553016901;0.044665997847914696;0.04454201553016901;0.04375004209578037;0.0439999857917428;0.053541967645287514;0.04725006874650717;0.04416704177856445;0.04724995233118534;0.044958083890378475;0.04433305002748966;0.04483293741941452;0.05500006955116987;0.046291970647871494;0.04375004209578037;0.04462490323930979;0.04425004590302706;0.04445808008313179;0.04708289634436369;0.04475004971027374;0.053750001825392246;0.053333002142608166;0.04924996756017208;0.050208065658807755;0.050166971050202847;0.049915979616343975;0.05037500523030758;0.05991698708385229;0.05679205060005188;0.05095801316201687;0.050958944484591484;0.051165930926799774;0.050749978981912136;0.05195802077651024;0.0515839783474803;0.05108292680233717;0.05212496034801006;0.054541975259780884;0.050915987230837345;0.052208080887794495;0.048166955821216106;0.046749948523938656;0.044874963350594044;0.04499999340623617;0.047083012759685516;0.04595797508955002;0.05124998278915882;0.052749994210898876;0.054958974942564964;0.051292008720338345;0.050958944484591484;0.05124998278915882;0.05008396692574024;0.05258398596197367;0.051875016652047634;0.05100003909319639;0.051541952416300774;0.05458400119096041;0.051042065024375916;0.050999922677874565;0.05208293441683054;0.051749986596405506;0.05237502045929432;0.04616705700755119;0.044749933294951916;0.05479203537106514;0.05133403465151787;0.05120888818055391;0.051749986596405506;0.0500410096719861;0.05037500523030758;0.050749978981912136;0.05112506914883852;0.0504170311614871;0.051749986596405506;0.05091703496873379;0.05000003147870302;0.05137501284480095;0.050083035603165627;0.05004194099456072;0.04499999340623617;0.04529103171080351;0.045208027586340904;0.04425004590302706;0.0441248994320631;0.044665997847914696;0.04416704177856445;0.04541594535112381;0.045082997530698776;0.04445796366780996;0.049791065976023674;0.051165930926799774;0.04954100586473942;0.05000003147870302;0.050625065341591835;0.050749978981912136;0.049625057727098465;0.05125009920448065;0.050292001105844975;0.051208073273301125;0.050166971050202847;0.04554190672934055;0.04420895129442215;0.04445796366780996;0.04441605415195227;0.04495901521295309;0.044874963350594044;0.04558300133794546;0.04620791878551245;0.054042087867856026;0.04975008778274059;0.05024997517466545;0.050208065658807755;0.049999915063381195;0.04933401942253113;0.04966696724295616;0.05058303941041231;0.04995905328541994;0.04991702735424042;0.050083035603165627;0.050332979299128056;0.04991702735424042;0.049625057727098465;0.050459057092666626;0.05020899698138237;0.04991702735424042;0.05049991887062788;0.050332979299128056;0.05066697485744953;0.05012494511902332;0.051083043217659;0.050332979299128056;0.05050003528594971;0.05020794924348593;0.04966591950505972;0.05029095336794853;0.04962494131177664;0.04475004971027374;0.044332933612167835;0.04416599404066801;0.04541699308902025;0.044208019971847534;0.04491698928177357;0.04499999340623617;0.04787510260939598;0.0541249755769968;0.050875009037554264;0.05066697485744953;0.050875009037554264;0.05025009158998728;0.05008408334106207;0.04591699689626694;0.04462490323930979;0.0539170578122139;0.050958944484591484;0.049875001423060894;0.04983402322977781;0.04995905328541994;0.0524159986525774;0.04904100205749273;0.04495796747505665;0.045208027586340904;0.05445792339742184;0.0500829191878438;0.04962494131177664;0.049875001423060894;0.04995905328541994;0.049958936870098114;0.04891701973974705;0.04520791117101908;0.05754095036536455;0.04570907913148403;0.04483398515731096;0.04408403765410185;0.043625012040138245;0.04449998959898949;0.044708955101668835;0.04458299372345209;0.044665997847914696;0.044625019654631615;0.044625019654631615;0.044541084207594395;0.04441698547452688;0.046332948841154575;0.048749963752925396;0.04995905328541994;0.049416907131671906;0.04854099825024605;0.0487080542370677;0.049749971367418766;0.044625019654631615;0.04454201553016901;0.04445796366780996;0.04504097159951925;0.045082997530698776;0.04504190292209387;0.044874963350594044;0.04570791497826576;0.044459011405706406;0.044625019654631615;0.044874963350594044;0.04495901521295309;0.044459011405706406;0.048291985876858234;0.05000003147870302;0.05037500523030758;0.0499160960316658;0.049875001423060894;0.049291993491351604;0.04954100586473942;0.049332971684634686;0.04491698928177357;0.04491698928177357;0.044332933612167835;0.04495796747505665;0.044082989916205406;0.04587508738040924;0.050208065658807755;0.049625057727098465;0.04858395550400019;0.04937499761581421;0.04658300895243883;0.04395795986056328;0.044625019654631615;0.04454201553016901;0.047999899834394455;0.05041598342359066;0.048625050112605095;0.049666035920381546;0.05949998740106821;0.049459049478173256;0.047166948206722736;0.04433398135006428;0.04479195922613144;0.04516704939305782;0.044958083890378475;0.04445796366780996;0.04841701593250036;0.0490840757265687;0.04891690332442522;0.0490840757265687;0.049042049795389175;0.04454096779227257;0.04441593773663044;0.045625027269124985;0.04554202314466238;0.050042057409882545;0.05020899698138237;0.050541944801807404;0.05050003528594971;0.05050003528594971;0.04970806185156107;0.04612503107637167;0.045291963033378124;0.0451250234618783;0.04516600165516138;0.04583294503390789;0.045584049075841904;0.04958396311849356;0.05020899698138237;0.050709000788629055;0.050749978981912136;0.047666020691394806;0.04549999721348286;0.0463749747723341;0.04624994471669197;0.05041598342359066;0.05066697485744953;0.05083403084427118;0.051709008403122425;0.05112506914883852;0.05024997517466545;0.04775007255375385;0.04608405288308859;0.046291970647871494;0.045708962716162205;0.049875001423060894;0.051458016969263554;0.05100003909319639;0.05020794924348593;0.05091691855341196;0.05112495273351669;0.04700000863522291;0.04629208706319332;0.04600000102072954;0.04645809531211853;0.0463330652564764;0.04499999340623617;0.04950002767145634;0.05137489642947912;0.051292008720338345;0.049999915063381195;0.047915964387357235;0.05479203537106514;0.05191692616790533;0.05116697866469622;0.052042072638869286;0.051709008403122425;0.0516669824719429;0.05212507676333189;0.051625072956085205;0.05216698627918959;0.05191704258322716;0.051292008720338345;0.05233404226601124;0.04754192195832729;0.04608405288308859;0.046083005145192146;0.04583294503390789;0.04741700831800699;0.05283299833536148;0.04904100205749273;0.046208035200834274;0.045958091504871845;0.047666020691394806;0.05158304702490568;0.050458009354770184;0.049875001423060894;0.04979199729859829;0.05012494511902332;0.050749978981912136;0.05095801316201687;0.046291970647871494;0.0462500611320138;0.04662491846829653;0.049291993491351604;0.04620908293873072;0.04608393646776676;0.049875001423060894;0.05037500523030758;0.050666043534874916;0.051042065024375916;0.0452499371021986;0.04541699308902025;0.046083005145192146;0.050166971050202847;0.050208065658807755;0.05116697866469622;0.05079200491309166;0.049915979616343975;0.050416914746165276;0.050292001105844975;0.04475004971027374;0.04487507976591587;0.04554202314466238;0.04670792259275913;0.04958396311849356;0.049625057727098465;0.050040893256664276;0.05024997517466545;0.04937499761581421;0.049166963435709476;0.04600000102072954;0.04595797508955002;0.04533398896455765;0.0451250234618783;0.05041598342359066;0.050749978981912136;0.050459057092666626;0.05004194099456072;0.05012506153434515;0.051083043217659;0.047332956455647945;0.045666005462408066;0.04566705320030451;0.045291963033378124;0.050292001105844975;0.049749971367418766;0.05066709127277136;0.054958974942564964;0.05420797970145941;0.05149992648512125;0.04754203837364912;0.04537496715784073;0.04537496715784073;0.04650000482797623;0.04650000482797623;0.0463749747723341;0.050749978981912136;0.05162495654076338;0.050709000788629055;0.050875009037554264;0.04654191434383392;0.04862493369728327;0.04579196684062481;0.05037500523030758;0.05120900459587574;0.050458009354770184;0.050416914746165276;0.04991702735424042;0.05058397073298693;0.050709000788629055;0.056040938943624496;0.04900002386420965;0.04633399657905102;0.046083005145192146;0.04991691093891859;0.050749978981912136;0.04950002767145634;0.04966696724295616;0.05191704258322716;0.050582922995090485;0.04612503107637167;0.04558300133794546;0.045666005462408066;0.04712503869086504;0.05058303941041231;0.05004194099456072;0.051458016969263554;0.05070795305073261;0.05224999040365219;0.050292001105844975;0.046166940592229366;0.045291963033378124;0.04495901521295309;0.0463749747723341;0.05183299072086811;0.05020899698138237;0.05066697485744953;0.05079095717519522;0.05000003147870302;0.049875001423060894;0.045375083573162556;0.04537496715784073;0.045874970965087414;0.04700000863522291;0.05041598342359066;0.05137501284480095;0.05050003528594971;0.05595805123448372;0.05033309571444988;0.05045789293944836;0.045459019020199776;0.0463749747723341;0.046625034883618355;0.04716706462204456;0.050458009354770184;0.04929094575345516;0.049749971367418766;0.049875001423060894;0.050332979299128056;0.05066697485744953;0.04549999721348286;0.0452499371021986;0.04570907913148403;0.05020899698138237;0.0498330919072032;0.049541937187314034;0.05020794924348593;0.04979199729859829;0.05083298310637474;0.050332979299128056;0.046375091187655926;0.04587508738040924;0.04579196684062481;0.046625034883618355;0.050332979299128056;0.050459057092666626;0.04962494131177664;0.05062494892627001;0.05158304702490568;0.05108292680233717;0.05191692616790533;0.0512079568579793;0.05162495654076338;0.04541699308902025;0.04624994471669197;0.047042034566402435;0.05079200491309166;0.05112506914883852;0.05124998278915882;0.050958944484591484;0.045792083255946636;0.046042026951909065;0.04983402322977781;0.05083298310637474;0.050458009354770184;0.05124998278915882;0.05112506914883852;0.05533394869416952;0.05137501284480095;0.04962494131177664;0.04558393266052008;0.04612503107637167;0.045291963033378124;0.04595797508955002;0.045625027269124985;0.04824995994567871;0.05091703496873379;0.050292001105844975;0.051875016652047634;0.05062494892627001;0.04558393266052008;0.046874978579580784;0.04725006874650717;0.050416914746165276;0.05054101347923279;0.053833937272429466;0.05066697485744953;0.0512079568579793;0.05000003147870302;0.04929106216877699;0.0462500611320138;0.044915941543877125;0.045208027586340904;0.04741607699543238;0.050541944801807404;0.05345791578292847;0.05066697485744953;0.0512909609824419;0.05083403084427118;0.0498330919072032;0.04529103171080351;0.045708962716162205;0.04520895890891552;0.047291978262364864;0.0512909609824419;0.05133310332894325;0.050999922677874565;0.0512079568579793;0.05083298310637474;0.04937499761581421;0.046166940592229366;0.04549999721348286;0.045874970965087414;0.048625050112605095;0.05141703877598047;0.05124998278915882;0.050875009037554264;0.050791073590517044;0.051167095080018044;0.04887511022388935;0.045584049075841904;0.04558300133794546;0.04662491846829653;0.04766706842929125;0.050541944801807404;0.050999922677874565;0.05104101728647947;0.05362497176975012;0.05091691855341196;0.048666028305888176;0.04566693678498268;0.04441698547452688;0.04475004971027374;0.054582953453063965;0.050292001105844975;0.05062494892627001;0.05000003147870302;0.05012506153434515;0.05058303941041231;0.049208989366889;0.04587508738040924;0.045874970965087414;0.0451250234618783;0.04800001624971628;0.05062494892627001;0.05012494511902332;0.05066697485744953;0.050332979299128056;0.050165923312306404;0.04912505391985178;0.045375083573162556;0.04529091529548168;0.04687509499490261;0.05024997517466545;0.05120900459587574;0.054875039495527744;0.049625057727098465;0.05058397073298693;0.050749978981912136;0.04850002005696297;0.045791035518050194;0.045625027269124985;0.045749940909445286;0.04824995994567871;0.050458009354770184;0.05095801316201687;0.05016708746552467;0.05037500523030758;0.05054101347923279;0.04925008397549391;0.045958906412124634;0.0452499371021986;0.046208035200834274;0.05100003909319639;0.05024997517466545;0.04966696724295616;0.049458001740276814;0.049915979616343975;0.05012506153434515;0.04895799793303013;0.0451250234618783;0.04520895890891552;0.046625034883618355;0.050208065658807755;0.049749971367418766;0.04983402322977781;0.05020899698138237;0.048625050112605095;0.049999915063381195;0.049708993174135685;0.04558300133794546;0.04516704939305782;0.045874970965087414;0.04712503869086504;0.050625065341591835;0.052749994210898876;0.05012506153434515;0.051541952416300774;0.050833914428949356;0.049208058044314384;0.04537496715784073;0.04937499761581421;0.05587493069469929;0.059542013332247734;0.04570803139358759;0.04729209467768669;0.04954205360263586;0.049625057727098465;0.05141703877598047;0.04900002386420965;0.04458299372345209;0.04449998959898949;0.0500410096719861;0.05258305463939905;0.05270796827971935;0.05212496034801006;0.054999953135848045;0.05224999040365219;0.051416922360658646;0.04812492989003658;0.04341697786003351;0.045459019020199776;0.046915956772863865;0.049749971367418766;0.05066592711955309;0.049459049478173256;0.048332964070141315;0.048874993808567524;0.05054101347923279;0.051292008720338345;0.04495796747505665;0.04691700451076031;0.050292001105844975;0.050292001105844975;0.06345903966575861;0.054750009439885616;0.04991702735424042;0.04937499761581421;0.05062494892627001;0.04437495954334736;0.045166932977735996;0.045915949158370495;0.04891701973974705;0.051625072956085205;0.04991702735424042;0.049749971367418766;0.0499580055475235;0.05020899698138237;0.05029095336794853;0.045584049075841904;0.04454201553016901;0.04666694439947605;0.049708993174135685;0.05012506153434515;0.04891608841717243;0.04941597580909729
messaging,KYBER,handshake_latency_ms_raw,0.08916598744690418
messaging,KYBER,tx_bytes_raw,1568;0
messaging,HYBRID,session_latency_ms_raw,48.513166955672204;48.081165994517505
messaging,HYBRID,message_latency_ms_raw,0.04941702354699373;0.05350005812942982;0.04075001925230026;0.039749895222485065;0.04124990664422512;0.04300009459257126;0.04462490323930979;0.04533305764198303;0.04804192576557398;0.045082997530698776;0.04554097540676594;0.04470802377909422;0.04579196684062481;0.045208027586340904;0.042625004425644875;0.0414170790463686;0.04054198507219553;0.04508404526859522;0.045291963033378124;0.04529207944869995;0.04516600165516138;0.046166940592229366;0.045625027269124985;0.04583294503390789;0.04675006493926048;0.04333397373557091;0.04133302718400955;0.04116701893508434;0.04504108801484108;0.04558393266052008;0.0451250234618783;0.045625027269124985;0.04516600165516138;0.04554202314466238;0.047999899834394455;0.0452499371021986;0.042458996176719666;0.0404169550165534;0.04145805723965168;0.04525005351752043;0.045749940909445286;0.04516704939305782;0.04579196684062481;0.04525005351752043;0.04541699308902025;0.04541699308902025;0.045584049075841904;0.04241697024554014;0.04012498538941145;0.041082967072725296;0.04412501584738493;0.04841701593250036;0.04650000482797623;0.04570803139358759;0.045874970965087414;0.04520907532423735;0.046166940592229366;0.045082997530698776;0.04270800855010748;0.04016607999801636;0.04054198507219553;0.045584049075841904;0.04575005732476711;0.045166932977735996;0.044958083890378475;0.04495796747505665;0.04475004971027374;0.04499999340623617;0.044915941543877125;0.04295899998396635;0.04050007555633783;0.040541053749620914;0.04499999340623617;0.04541699308902025;0.045082997530698776;0.04504097159951925;0.04495901521295309;0.04570803139358759;0.04441698547452688;0.04499999340623617;0.04254200030118227;0.04454201553016901;0.048332964070141315;0.04754192195832729;0.0462500611320138;0.0512909609824419;0.047208042815327644;0.04491698928177357;0.045666005462408066;0.04566693678498268;0.04516600165516138;0.041041988879442215;0.04025001544505358;0.042082974687218666;0.04508404526859522;0.04570907913148403;0.04479195922613144;0.0452499371021986;0.048749963752925396;0.04491698928177357;0.04499999340623617;0.05124998278915882;0.04125002305954695;0.0463330652564764;0.04804099444299936;0.05124998278915882;0.04558300133794546;0.04516704939305782;0.04525005351752043;0.0477079302072525;0.04491605795919895;0.04470802377909422;0.043874955736100674;0.04095898475497961;0.04041707143187523;0.04366703797131777;0.04545797128230333;0.045208027586340904;0.04549999721348286;0.04545797128230333;0.05024997517466545;0.04491698928177357;0.04475004971027374;0.04329206421971321;0.04008400719612837;0.040209037251770496;0.043166917748749256;0.044625019654631615;0.04425004590302706;0.04570803139358759;0.04616600926965475;0.04579196684062481;0.04520791117101908;0.045874970965087414;0.04729104693979025;0.04054093733429909;0.040749902836978436;0.043874955736100674;0.04441698547452688;0.04470802377909422;0.045375083573162556;0.04466692917048931;0.04454201553016901;0.044208019971847534;0.04454096779227257;0.04420906770974398;0.039958045817911625;0.03937492147088051;0.04175002686679363;0.04458299372345209;0.04466704558581114;0.04499999340623617;0.04483293741941452;0.04445889499038458;0.04458299372345209;0.04445808008313179;0.04424992948770523;0.04033301956951618;0.039792037568986416;0.039499951526522636;0.04366703797131777;0.04499999340623617;0.04533398896455765;0.04491605795919895;0.045208027586340904;0.0438750721514225;0.0464579788967967;0.04545797128230333;0.043792068026959896;0.040790997445583344;0.04066701512783766;0.04570907913148403;0.046208035200834274;0.04583399277180433;0.04566705320030451;0.0451250234618783;0.04466704558581114;0.04495796747505665;0.04483305383473635;0.05337502807378769;0.0398330157622695;0.040499959141016006;0.043042004108428955;0.04441698547452688;0.04454201553016901;0.0439169816672802;0.044291955418884754;0.045082997530698776;0.04466704558581114;0.04504097159951925;0.04254200030118227;0.03991695120930672;0.040874932892620564;0.044291955418884754;0.046083005145192146;0.04525005351752043;0.04499999340623617;0.04408403765410185;0.044749933294951916;0.044625019654631615;0.04504097159951925;0.04270800855010748;0.03975001163780689;0.0391670037060976;0.043332925997674465;0.044042011722922325;0.044375075958669186;0.04437495954334736;0.04441698547452688;0.04379195161163807;0.04425004590302706;0.044042011722922325;0.04341697786003351;0.03966607619076967;0.03958307206630707;0.0434160465374589;0.04349998198449612;0.04370801616460085;0.0438750721514225;0.043459003791213036;0.04366703797131777;0.04358298610895872;0.04454201553016901;0.04395900759845972;0.04116701893508434;0.039541046135127544;0.048832967877388;0.05079200491309166;0.04383304622024298;0.04508392885327339;0.0439999857917428;0.04379195161163807;0.044042011722922325;0.044291955418884754;0.04395900759845972;0.04095910117030144;0.03999995533376932;0.039749895222485065;0.044332933612167835;0.04466704558581114;0.04437495954334736;0.043958076275885105;0.044665997847914696;0.044749933294951916;0.044459011405706406;0.04458392504602671;0.04220893606543541;0.03979098983108997;0.040708924643695354;0.04545808769762516;0.04720792640000582;0.047915964387357235;0.04825007636100054;0.04904193338006735;0.04904100205749273;0.04958303179591894;0.05037500523030758;0.045291963033378124;0.04700000863522291;0.04700000863522291;0.049291993491351604;0.04912505391985178;0.04925008397549391;0.048625050112605095;0.051292008720338345;0.049708993174135685;0.0516669824719429;0.06291596218943596;0.05104194860905409;0.05283299833536148;0.04570803139358759;0.04937499761581421;0.049332971684634686;0.04850002005696297;0.048791058361530304;0.048291985876858234;0.053333002142608166;0.043625012040138245;0.04658394027501345;0.049083027988672256;0.054416945204138756;0.04916603211313486;0.05370797589421272;0.05483301356434822;0.04837499000132084;0.048749963752925396;0.04983297549188137;0.04325003828853369;0.044208019971847534;0.048874993808567524;0.06262504030019045;0.04895799793303013;0.04879094194620848;0.04895799793303013;0.04866695962846279;0.05137501284480095;0.04558300133794546;0.04354200791567564;0.04470790736377239;0.04891701973974705;0.04854099825024605;0.04904193338006735;0.04891701973974705;0.048874993808567524;0.049459049478173256;0.048083020374178886;0.04624994471669197;0.050083035603165627;0.04458299372345209;0.045625027269124985;0.048749963752925396;0.04854204598814249;0.04849990364164114;0.04783296026289463;0.04912505391985178;0.04891701973974705;0.04745798651129007;0.043958076275885105;0.0438750721514225;0.048874993808567524;0.049042049795389175;0.04862493369728327;0.04862493369728327;0.04854099825024605;0.048749963752925396;0.049166963435709476;0.0490840757265687;0.04449998959898949;0.043874955736100674;0.045666005462408066;0.04891701973974705;0.04854204598814249;0.04866695962846279;0.0490840757265687;0.05220796447247267;0.048291985876858234;0.04808406811207533;0.04475004971027374;0.04408403765410185;0.04695798270404339;0.04900002386420965;0.04954100586473942;0.048874993808567524;0.048958929255604744;0.04845799412578344;0.04779198206961155;0.048749963752925396;0.04600000102072954;0.043332925997674465;0.04600000102072954;0.04966708365827799;0.05183310713618994;0.04891701973974705;0.04904193338006735;0.06004201713949442;0.04937499761581421;0.04845892544835806;0.04533305764198303;0.04316598642617464;0.043792068026959896;0.048208050429821014;0.04825007636100054;0.04816707223653793;0.04770804662257433;0.04883308429270983;0.04841701593250036;0.04879198968410492;0.04783400800079107;0.0439169816672802;0.04383397754281759;0.04670803900808096;0.048749963752925396;0.04900002386420965;0.048832967877388;0.04962494131177664;0.04979199729859829;0.04954205360263586;0.04883401561528444;0.043708947487175465;0.04425004590302706;0.047083012759685516;0.048874993808567524;0.049749971367418766;0.04879198968410492;0.049166963435709476;0.04854192957282066;0.048749963752925396;0.04858395550400019;0.04795799031853676;0.04349998198449612;0.0475830165669322;0.048332964070141315;0.049332971684634686;0.04833401180803776;0.04858302418142557;0.04895799793303013;0.04850002005696297;0.047791050747036934;0.04549999721348286;0.042958068661391735;0.04633399657905102;0.048708985559642315;0.04816602449864149;0.04941702354699373;0.048874993808567524;0.04891701973974705;0.048874993808567524;0.04845799412578344;0.047708977945148945;0.04349998198449612;0.04525005351752043;0.04875008016824722;0.048749963752925396;0.048666028305888176;0.04875008016824722;0.048708985559642315;0.04891701973974705;0.0479590380564332;0.04845799412578344;0.044042011722922325;0.04383397754281759;0.047083012759685516;0.0475000124424696;0.04854099825024605;0.04812504630535841;0.05083298310637474;0.05100003909319639;0.04866695962846279;0.050332979299128056;0.05550007335841656;0.0588330440223217;0.04445808008313179;0.04741700831800699;0.04924996756017208;0.0525409122928977;0.05024997517466545;0.05112506914883852;0.04895904567092657;0.04724995233118534;0.04379195161163807;0.043917098082602024;0.04825007636100054;0.05562498699873686;0.049291993491351604;0.05679193418473005;0.049458001740276814;0.057875062339007854;0.049416907131671906;0.04600000102072954;0.0438750721514225;0.043915933929383755;0.047958921641111374;0.048832967877388;0.048666028305888176;0.048666028305888176;0.04954205360263586;0.049083027988672256;0.04924996756017208;0.04783296026289463;0.04341709427535534;0.04400010220706463;0.04812492989003658;0.04824995994567871;0.04875008016824722;0.04837499000132084;0.04816707223653793;0.05137501284480095;0.049208989366889;0.04858302418142557;0.04379195161163807;0.04429207183420658;0.046792090870440006;0.049083027988672256;0.0516669824719429;0.04854099825024605;0.048915972001850605;0.048833899199962616;0.04850002005696297;0.048749963752925396;0.044291955418884754;0.043584033846855164;0.048999907448887825;0.04845799412578344;0.0547909876331687;0.04937499761581421;0.04845799412578344;0.048625050112605095;0.04829210229218006;0.048874993808567524;0.04483398515731096;0.04283303860574961;0.046999892219901085;0.048208050429821014;0.04879198968410492;0.04908395931124687;0.048832967877388;0.04849990364164114;0.049625057727098465;0.04966708365827799;0.04695903044193983;0.04391605034470558;0.04358310252428055;0.04824995994567871;0.04812492989003658;0.04837499000132084;0.04845799412578344;0.04795799031853676;0.04862493369728327;0.048459041863679886;0.04800001624971628;0.043874955736100674;0.04433398135006428;0.04854204598814249;0.048999907448887825;0.04900002386420965;0.04845799412578344;0.048625050112605095;0.04929106216877699;0.048083020374178886;0.04845892544835806;0.044042011722922325;0.0434160465374589;0.0491670798510313;0.059125013649463654;0.04858302418142557;0.048625050112605095;0.048584071919322014;0.049166963435709476;0.04941702354699373;0.04837499000132084;0.04337495192885399;0.04312500823289156;0.04825007636100054;0.04850002005696297;0.04837499000132084;0.04912505391985178;0.04808290395885706;0.052875024266541004;0.04858395550400019;0.04862493369728327;0.044208019971847534;0.04337495192885399;0.04479195922613144;0.04862493369728327;0.04895799793303013;0.049083027988672256;0.049541937187314034;0.04812492989003658;0.05104194860905409;0.05058303941041231;0.04933401942253113;0.04491698928177357;0.04408403765410185;0.049875001423060894;0.048459041863679886;0.04758394788950682;0.04804111085832119;0.04800001624971628;0.04833401180803776;0.048915972001850605;0.046874978579580784;0.04395795986056328;0.04600000102072954;0.048874993808567524;0.049208989366889;0.048332964070141315;0.048625050112605095;0.048625050112605095;0.04883401561528444;0.04837499000132084;0.04754099063575268;0.04320894367992878;0.04470802377909422;0.048708985559642315;0.04904100205749273;0.04854099825024605;0.04916603211313486;0.04900002386420965;0.04824995994567871;0.04891701973974705;0.048708985559642315;0.043375068344175816;0.04329101648181677;0.04791701212525368;0.04845799412578344;0.04900002386420965;0.04845799412578344;0.05150004290044308;0.04854204598814249;0.048833899199962616;0.04850002005696297;0.04441593773663044;0.04337495192885399;0.04479195922613144;0.048332964070141315;0.048791058361530304;0.04820909816771746;0.04854204598814249;0.048625050112605095;0.048625050112605095;0.048999907448887825;0.046915956772863865;0.04375004209578037;0.050915987230837345;0.05320890340954065;0.050332979299128056;0.05054206121712923;0.05037500523030758;0.04858395550400019;0.047749956138432026;0.04837499000132084;0.04645891021937132;0.04345807246863842;0.0439169816672802;0.04858302418142557;0.04858302418142557;0.048666028305888176;0.04875008016824722;0.04808290395885706;0.055999960750341415;0.048165908083319664;0.05237502045929432;0.04812504630535841;0.04383397754281759;0.046459026634693146;0.0516669824719429;0.048999907448887825;0.049625057727098465;0.049875001423060894;0.05029095336794853;0.049332971684634686;0.04754203837364912;0.044291955418884754;0.04495796747505665;0.049208058044314384;0.05566596519201994;0.049458001740276814;0.052458024583756924;0.04875008016824722;0.04904100205749273;0.05487492308020592;0.04924996756017208;0.04441698547452688;0.04425004590302706;0.048915972001850605;0.04870793782174587;0.04824995994567871;0.04895799793303013;0.04983402322977781;0.0499580055475235;0.049875001423060894;0.04812504630535841;0.044874963350594044;0.046625034883618355;0.050584087148308754;0.05041598342359066;0.05004194099456072;0.0490840757265687;0.04979199729859829;0.04954100586473942;0.048791058361530304;0.04716601688414812;0.043459003791213036;0.046208035200834274;0.0499580055475235;0.04991702735424042;0.04962494131177664;0.05287490785121918;0.04941597580909729;0.049332971684634686;0.04950002767145634;0.04820793401449919;0.04383304622024298;0.04458299372345209;0.049166963435709476;0.049332971684634686;0.04950002767145634;0.050166971050202847;0.04983297549188137;0.049458001740276814;0.049625057727098465;0.04875008016824722;0.044208019971847534;0.045166932977735996;0.049083027988672256;0.050416914746165276;0.05020794924348593;0.050292001105844975;0.05083309952169657;0.050625065341591835;0.049749971367418766;0.048459041863679886;0.04454201553016901;0.04533305764198303;0.04904193338006735;0.04849990364164114;0.04941702354699373;0.04904100205749273;0.04891701973974705;0.04875008016824722;0.04912505391985178;0.04812492989003658;0.044042011722922325;0.04358391743153334;0.04691607318818569;0.04841596819460392;0.04858302418142557;0.0516669824719429;0.04983297549188137;0.051292008720338345;0.050083035603165627;0.048832967877388;0.043708947487175465;0.042917090468108654;0.04850002005696297;0.04908291157335043;0.056165968999266624;0.04891701973974705;0.04912505391985178;0.05229189991950989;0.04950002767145634;0.04879198968410492;0.043958076275885105;0.04433398135006428;0.0499160960316658;0.04900002386420965;0.049458001740276814;0.0490840757265687;0.049625057727098465;0.04949991125613451;0.049541937187314034;0.04970794543623924;0.04575005732476711;0.044625019654631615;0.046625034883618355;0.049166963435709476;0.04954100586473942;0.049582915380597115;0.04966696724295616;0.05179201252758503;0.050875009037554264;0.05000003147870302;0.04520907532423735;0.04516600165516138;0.04920910578221083;0.0499580055475235;0.04962494131177664;0.04937499761581421;0.04995905328541994;0.04962494131177664;0.05012506153434515;0.0499580055475235;0.04475004971027374;0.044082989916205406;0.048874993808567524;0.049458001740276814;0.05012494511902332;0.05024997517466545;0.04941702354699373;0.05070795305073261;0.05116697866469622;0.05079095717519522;0.04437495954334736;0.044915941543877125;0.049083027988672256;0.05062494892627001;0.048874993808567524;0.048915972001850605;0.0499580055475235;0.052875024266541004;0.051292008720338345;0.0515839783474803;0.061542028561234474;0.057709054090082645;0.051749986596405506;0.05066697485744953;0.04966696724295616;0.05008396692574024;0.050458009354770184;0.05058303941041231;0.050165923312306404;0.04666706081479788;0.05070795305073261;0.04483410157263279;0.05016603972762823;0.05320890340954065;0.04979094956070185;0.061542028561234474;0.06279104854911566;0.050625065341591835;0.05600007716566324;0.04537496715784073;0.045625027269124985;0.049749971367418766;0.05208293441683054;0.049332971684634686;0.0500410096719861;0.05000003147870302;0.04958303179591894;0.05012494511902332;0.04770804662257433;0.04412501584738493;0.043749925680458546;0.049915979616343975;0.052749994210898876;0.04970806185156107;0.05054206121712923;0.04937499761581421;0.05062494892627001;0.04970806185156107;0.04645891021937132;0.044915941543877125;0.044792075641453266;0.04937499761581421;0.05037500523030758;0.05041598342359066;0.050709000788629055;0.049459049478173256;0.0487080542370677;0.05024997517466545;0.052458024583756924;0.04737498238682747;0.04766695201396942;0.05024997517466545;0.05341600626707077;0.05050003528594971;0.049875001423060894;0.05050003528594971;0.05012494511902332;0.04937499761581421;0.04612503107637167;0.044625019654631615;0.04595797508955002;0.050332979299128056;0.04954205360263586;0.048749963752925396;0.05041598342359066;0.04937499761581421;0.05070795305073261;0.050458009354770184;0.0463330652564764;0.044958898797631264;0.04704191815108061;0.049332971684634686;0.050416914746165276;0.0504170311614871;0.05025009158998728;0.05037500523030758;0.04949991125613451;0.049625057727098465;0.0463749747723341;0.04412501584738493;0.044625019654631615;0.049666035920381546;0.049541937187314034;0.05020899698138237;0.04970794543623924;0.04979199729859829;0.061208964325487614;0.05070795305073261;0.04591699689626694;0.044958083890378475;0.045208027586340904;0.051625072956085205;0.04912505391985178;0.049584079533815384;0.049416907131671906;0.04891701973974705;0.049999915063381195;0.052875024266541004;0.045874970965087414;0.04445808008313179;0.04604191053658724;0.049208989366889;0.05008396692574024;0.0499580055475235;0.05037500523030758;0.04949991125613451;0.0500410096719861;0.05012494511902332;0.04666694439947605;0.045042019337415695;0.048042042180895805;0.05029106978327036;0.05000003147870302;0.05012494511902332;0.049208989366889;0.04941597580909729;0.05012506153434515;0.04966708365827799;0.046291970647871494;0.04445808008313179;0.04854192957282066;0.049332971684634686;0.0499580055475235;0.049749971367418766;0.05004194099456072;0.049459049478173256;0.04983297549188137;0.049625057727098465;0.046958099119365215;0.04537496715784073;0.04675006493926048;0.05337502807378769;0.050292001105844975;0.04970806185156107;0.04950002767145634;0.04937499761581421;0.05070806946605444;0.05470798350870609;0.04695798270404339;0.04495901521295309;0.04962494131177664;0.049582915380597115;0.04991702735424042;0.05041598342359066;0.0504170311614871;0.05108292680233717;0.05037500523030758;0.050749978981912136;0.045625027269124985;0.045291963033378124;0.04924996756017208;0.050332979299128056;0.04970794543623924;0.050749978981912136;0.0499580055475235;0.05237502045929432;0.04991702735424042;0.05008396692574024;0.04554097540676594;0.045291963033378124;0.05037500523030758;0.050582922995090485;0.05349994171410799;0.05216698627918959;0.06550003308802843;0.05004194099456072;0.04804099444299936;0.046083005145192146;0.05245895590633154;0.05241704639047384;0.043082982301712036;0.04308391362428665;0.04391605034470558;0.04345795605331659;0.043625012040138245;0.04349998198449612;0.044790911488235;0.048999907448887825;0.04675006493926048;0.044082989916205406;0.05466700531542301;0.043958076275885105;0.04433398135006428;0.052875024266541004;0.04412501584738493;0.04729104693979025;0.05520903505384922;0.04537496715784073;0.045042019337415695;0.045874970965087414;0.045791035518050194;0.04566705320030451;0.04583294503390789;0.04508404526859522;0.045208027586340904;0.04499999340623617;0.04533398896455765;0.04545797128230333;0.0451250234618783;0.04570907913148403;0.0452499371021986;0.046083005145192146;0.04520907532423735;0.04541699308902025;0.04579091910272837;0.044625019654631615;0.04520791117101908;0.04449998959898949;0.04425004590302706;0.04504097159951925;0.046166940592229366;0.045915949158370495;0.04495901521295309;0.050749978981912136;0.047291978262364864;0.04766695201396942;0.04495796747505665;0.04537496715784073;0.044874963350594044;0.04449998959898949;0.04479195922613144;0.045625027269124985;0.045082997530698776;0.047083012759685516;0.044874963350594044;0.04470907151699066;0.04504108801484108;0.04416611045598984;0.04212500061839819;0.041499966755509377;0.04120892845094204;0.04045804962515831;0.040917075239121914;0.04099996294826269;0.04050007555633783;0.042082974687218666;0.04141696263104677;0.04054093733429909;0.040958053432404995;0.04075001925230026;0.04075001925230026;0.04104094114154577;0.04129100125283003;0.04120811354368925;0.04025001544505358;0.0416669063270092;0.04158297087997198;0.04075001925230026;0.04708289634436369;0.046042026951909065;0.0463749747723341;0.045291963033378124;0.044917105697095394;0.04533398896455765;0.048083020374178886;0.04070904105901718;0.041458988562226295;0.04112499300390482;0.05329097621142864;0.04133395850658417;0.04091602750122547;0.04129204899072647;0.040958053432404995;0.04054198507219553;0.041041988879442215;0.040624989196658134;0.04133302718400955;0.04099996294826269;0.04104094114154577;0.041792052797973156;0.045082997530698776;0.04558300133794546;0.045874970965087414;0.04554097540676594;0.04570803139358759;0.04575005732476711;0.04633399657905102;0.043625012040138245;0.040499959141016006;0.04183303099125624;0.041041988879442215;0.040624989196658134;0.040708924643695354;0.04075001925230026;0.04066701512783766;0.041541061364114285;0.04129204899072647;0.04175002686679363;0.04175002686679363;0.04125002305954695;0.04091695882380009;0.04187505692243576;0.045874970965087414;0.04595797508955002;0.04654098302125931;0.04566705320030451;0.04499999340623617;0.04558300133794546;0.045874970965087414;0.0463749747723341;0.04099996294826269;0.041207997128367424;0.0415419926866889;0.040624989196658134;0.0404169550165534;0.04145805723965168;0.04066701512783766;0.04145794082432985;0.04287506453692913;0.04712503869086504;0.045625027269124985;0.04354200791567564;0.041041988879442215;0.0402920413762331;0.04091602750122547;0.043749925680458546;0.04445796366780996;0.04516704939305782;0.04491698928177357;0.04429102409631014;0.044334097765386105;0.04537496715784073;0.04395900759845972;0.04012498538941145;0.040458980947732925;0.04033301956951618;0.04075001925230026;0.041499966755509377;0.041207997128367424;0.0415000831708312;0.04070799332112074;0.04287506453692913;0.04608405288308859;0.04466692917048931;0.042584026232361794;0.03995897714048624;0.039958045817911625;0.039708102121949196;0.04549999721348286;0.04479195922613144;0.04441698547452688;0.04470802377909422;0.044166925363242626;0.04424992948770523;0.04466692917048931;0.04383304622024298;0.03975001163780689;0.0439999857917428;0.050749978981912136;0.05808298010379076;0.055750017054378986;0.045208027586340904;0.05091703496873379;0.03995897714048624;0.03995897714048624;0.04325003828853369;0.041792052797973156;0.03966689109802246;0.03954197745770216;0.03954197745770216;0.04325003828853369;0.0503340270370245;0.044042011722922325;0.044208019971847534;0.04695798270404339;0.044332933612167835;0.043958076275885105;0.05029095336794853;0.04875008016824722;0.046291970647871494;0.03975001163780689;0.05091703496873379;0.039375037886202335;0.0402920413762331;0.04441605415195227;0.04412501584738493;0.04683295264840126;0.044042011722922325;0.042750034481287;0.03970798570662737;0.04024989902973175;0.040291924960911274;0.0400409335270524;0.03987492527812719;0.04441698547452688;0.04408403765410185;0.04866707604378462;0.04454096779227257;0.044625019654631615;0.044375075958669186;0.04054093733429909;0.03966607619076967;0.039207981899380684;0.03975001163780689;0.03958295565098524;0.041958061046898365;0.044375075958669186;0.04408403765410185;0.04458299372345209;0.044291955418884754;0.0441248994320631;0.04337495192885399;0.03958307206630707;0.03970798570662737;0.03941694740206003;0.04183291457593441;0.04433398135006428;0.04429207183420658;0.044082989916205406;0.0439999857917428;0.04445796366780996;0.04466692917048931;0.04404096398502588;0.04099996294826269;0.04012498538941145;0.039917067624628544;0.0398330157622695;0.04033301956951618;0.04237494431436062;0.04466704558581114;0.044792075641453266;0.04412501584738493;0.04433398135006428;0.044874963350594044;0.04325003828853369;0.03958307206630707;0.0398330157622695;0.039917067624628544;0.04225003067404032;0.04491698928177357;0.044584041461348534;0.04454201553016901;0.04583306144922972;0.04679092671722174;0.050042057409882545;0.045208027586340904;0.04166702274233103;0.04408392123878002;0.04137493669986725;0.0424159225076437;0.04479195922613144;0.04558300133794546;0.044625019654631615;0.04483398515731096;0.04466704558581114;0.044792075641453266;0.04466692917048931;0.04862493369728327;0.03987504169344902;0.03970798570662737;0.03979098983108997;0.039416016079485416;0.04375004209578037;0.04458299372345209;0.04425004590302706;0.043791020289063454;0.04416704177856445;0.044332933612167835;0.0421660952270031;0.03983289934694767;0.039375037886202335;0.03991695120930672;0.04291604273021221;0.04454201553016901;0.0439999857917428;0.04416599404066801;0.044291955418884754;0.04404108040034771;0.04412501584738493;0.044291955418884754;0.03983394708484411;0.039708102121949196;0.040041981264948845;0.04095793701708317;0.04449998959898949;0.04383292980492115;0.044042011722922325;0.04604191053658724;0.04666694439947605;0.0499580055475235;0.047874986194074154;0.04341697786003351;0.043082982301712036;0.044208019971847534;0.04670792259275913;0.049625057727098465;0.049208058044314384;0.04958303179591894;0.049625057727098465;0.04941609222441912;0.04912505391985178;0.04670792259275913;0.044042011722922325;0.043625012040138245;0.044791027903556824;0.04912505391985178;0.048874993808567524;0.049875001423060894;0.04816602449864149;0.04862493369728327;0.04912505391985178;0.04812492989003658;0.04395795986056328;0.044792075641453266;0.044042011722922325;0.04891701973974705;0.0487080542370677;0.049291993491351604;0.05012494511902332;0.049208989366889;0.049749971367418766;0.04954100586473942;0.04349998198449612;0.043584033846855164;0.043208012357354164;0.04579196684062481;0.04850002005696297;0.0493339030072093;0.04950002767145634;0.04924996756017208;0.04983402322977781;0.049166963435709476;0.04545808769762516;0.044082989916205406;0.04395900759845972;0.04537496715784073;0.049459049478173256;0.04937499761581421;0.04841701593250036;0.04879198968410492;0.05179096478968859;0.050582922995090485;0.05420797970145941;0.05945900920778513;0.058875069953501225;0.04412501584738493;0.04375004209578037;0.04983402322977781;0.04937499761581421;0.04941609222441912;0.0487080542370677;0.04858395550400019;0.04537496715784073;0.044625019654631615;0.04375004209578037;0.047166948206722736;0.05829101428389549;0.05024997517466545;0.058707897551357746;0.05708402022719383;0.04970806185156107;0.04895799793303013;0.04404096398502588;0.04370801616460085;0.043874955736100674;0.044208019971847534;0.04504097159951925;0.04833401180803776;0.04850002005696297;0.049749971367418766;0.048832967877388;0.04824995994567871;0.046749948523938656;0.04383304622024298;0.043459003791213036;0.045459019020199776;0.049165915697813034;0.04941702354699373;0.04854099825024605;0.048874993808567524;0.04891701973974705;0.04937499761581421;0.04741700831800699;0.04416599404066801;0.043749925680458546;0.04391605034470558;0.04812492989003658;0.05204195622354746;0.048832967877388;0.049708993174135685;0.04937499761581421;0.04895799793303013;0.04866695962846279;0.043792068026959896;0.04424992948770523;0.04354200791567564;0.046666013076901436;0.049291993491351604;0.04933308809995651;0.04941702354699373;0.0480839516967535;0.04954100586473942;0.04895799793303013;0.04516704939305782;0.04379195161163807;0.044291955418884754;0.04475004971027374;0.04924996756017208;0.049541937187314034;0.04941702354699373;0.05216698627918959;0.04900002386420965;0.04904100205749273;0.04691700451076031;0.043625012040138245;0.04354200791567564;0.043874955736100674;0.057875062339007854;0.04933308809995651;0.048749963752925396;0.04912505391985178;0.05204195622354746;0.049083027988672256;0.04745891783386469;0.04425004590302706;0.04408403765410185;0.044584041461348534;0.04795799031853676;0.04883308429270983;0.04895799793303013;0.05816703196614981;0.05179201252758503;0.049958936870098114;0.04754099063575268;0.04412501584738493;0.06083399057388306;0.04675006493926048;0.045375083573162556;0.04937499761581421;0.05000003147870302;0.04920794162899256;0.048042042180895805;0.055709038861095905;0.04716706462204456;0.04370906390249729;0.04312500823289156;0.043749925680458546;0.04912493750452995;0.04904100205749273;0.048915972001850605;0.051749986596405506;0.048291985876858234;0.04879094194620848;0.04904100205749273;0.044166925363242626;0.044166925363242626;0.04433305002748966;0.04804099444299936;0.049584079533815384;0.04920794162899256;0.049458001740276814;0.04900002386420965;0.048791058361530304;0.05208398215472698;0.04470907151699066;0.0439169816672802;0.04449998959898949;0.04658300895243883;0.049332971684634686;0.04954100586473942;0.050458009354770184;0.05012494511902332;0.04979094956070185;0.05037500523030758;0.04658394027501345;0.04437495954334736;0.04433305002748966;0.045625027269124985;0.04895799793303013;0.050332979299128056;0.050083035603165627;0.049875001423060894;0.050042057409882545;0.05025009158998728;0.04791689570993185;0.04862493369728327;0.04591699689626694;0.047625042498111725;0.04925008397549391;0.048915972001850605;0.05245895590633154;0.049541937187314034;0.049584079533815384;0.04866707604378462;0.046625034883618355;0.0439999857917428;0.04358298610895872;0.04416704177856445;0.04841701593250036;0.04891701973974705;0.0487080542370677;0.05208398215472698;0.048874993808567524;0.04883401561528444;0.048749963752925396;0.043874955736100674;0.0439999857917428;0.04712492227554321;0.04912493750452995;0.05204102490097284;0.05145894829183817;0.05116697866469622;0.052332994528114796;0.050625065341591835;0.04816602449864149;0.04379195161163807;0.0439169816672802;0.04324992187321186;0.04733307287096977;0.04904193338006735;0.04900002386420965;0.055541982874274254;0.04937499761581421;0.05170807708054781;0.04904193338006735;0.04425004590302706;0.057416968047618866;0.04979094956070185;0.04854204598814249;0.04858395550400019;0.05620904266834259;0.049915979616343975;0.04895799793303013;0.049875001423060894;0.051292008720338345;0.04366703797131777;0.04383304622024298;0.04383304622024298;0.0480839516967535;0.04900002386420965;0.04904193338006735;0.04924996756017208;0.048832967877388;0.04937499761581421;0.04904193338006735;0.04383304622024298;0.04316598642617464;0.04645891021937132;0.04912505391985178;0.04891690332442522;0.049332971684634686;0.049208989366889;0.048915972001850605;0.04950002767145634;0.04933401942253113;0.045666005462408066;0.04370801616460085;0.044042011722922325;0.047958921641111374;0.04933401942253113;0.04875008016824722;0.04941597580909729;0.04895904567092657;0.04891701973974705;0.04904193338006735;0.04679197445511818;0.04383409395813942;0.044625019654631615;0.04991691093891859;0.04900002386420965;0.0516669824719429;0.04858302418142557;0.04954205360263586;0.048625050112605095;0.04820898175239563;0.047749956138432026;0.04379195161163807;0.044208019971847534;0.04341593012213707;0.04800001624971628;0.04824995994567871;0.04900002386420965;0.048999907448887825;0.04904100205749273;0.04941702354699373;0.04858302418142557;0.04504097159951925;0.04449998959898949;0.04616600926965475;0.04912505391985178;0.05145894829183817;0.04870910197496414;0.04900002386420965;0.04900002386420965;0.048874993808567524;0.0490840757265687;0.04529103171080351;0.044208019971847534;0.044749933294951916;0.0468340003862977;0.05254207644611597;0.04895799793303013;0.04950002767145634;0.04924996756017208;0.04929210990667343;0.048459041863679886;0.045082997530698776;0.04383397754281759;0.04529103171080351;0.04858395550400019;0.05024997517466545;0.04966591950505972;0.04895799793303013;0.0547909876331687;0.050292001105844975;0.0500410096719861;0.04641700070351362;0.0452499371021986;0.04591606557369232;0.04612503107637167;0.049875001423060894;0.049291993491351604;0.049416907131671906;0.04941702354699373;0.04841596819460392;0.04824995994567871;0.046915956772863865;0.04349998198449612;0.04325003828853369;0.04837499000132084;0.048625050112605095;0.04891701973974705;0.04950002767145634;0.04900002386420965;0.049291993491351604;0.04895799793303013;0.04779198206961155;0.04445796366780996;0.0439169816672802;0.0475000124424696;0.049332971684634686;0.049458001740276814;0.049083027988672256;0.049208989366889;0.048999907448887825;0.04925008397549391;0.048625050112605095;0.0439169816672802;0.043208012357354164;0.046459026634693146;0.049166963435709476;0.04841596819460392;0.04908395931124687;0.04854099825024605;0.04887511022388935;0.04850002005696297;0.04854192957282066;0.045082997530698776;0.04420906770974398;0.04425004590302706;0.048708985559642315;0.04804192576557398;0.048666028305888176;0.04820793401449919;0.048584071919322014;0.04904100205749273;0.04870793782174587;0.04724995233118534;0.04533305764198303;0.045082997530698776;0.04929094575345516;0.04966696724295616;0.0516669824719429;0.04858302418142557;0.04916603211313486;0.048625050112605095;0.048584071919322014;0.0477079302072525;0.0439999857917428;0.04812504630535841;0.05916703958064318;0.05662499461323023;0.060999998822808266;0.058750039897859097;0.04437495954334736;0.04724995233118534;0.048666028305888176;0.04562491085380316;0.043375068344175816;0.047083012759685516;0.04841701593250036;0.0487080542370677;0.04858302418142557;0.048332964070141315;0.04870793782174587;0.04937499761581421;0.049291993491351604;0.05349994171410799;0.048042042180895805;0.05320797208696604;0.04912493750452995;0.04866695962846279;0.04879198968410492;0.04912505391985178;0.04950002767145634;0.049416907131671906;0.04900002386420965;0.046375091187655926;0.043874955736100674;0.04425004590302706;0.04595797508955002;0.049083027988672256;0.048749963752925396;0.048749963752925396;0.047666020691394806;0.04841596819460392;0.04854204598814249;0.046791043132543564;0.04383397754281759;0.043375068344175816;0.048166955821216106;0.04837499000132084;0.04895904567092657;0.04920794162899256;0.04858302418142557;0.04833401180803776;0.048625050112605095;0.05141599103808403;0.04345888737589121;0.0439999857917428;0.04654203075915575;0.05283299833536148;0.051625072956085205;0.049459049478173256;0.04945893306285143;0.04904100205749273;0.04950002767145634;0.04929106216877699;0.04475004971027374;0.04416599404066801;0.0463749747723341;0.04866695962846279;0.04875008016824722;0.049042049795389175;0.04900002386420965;0.04895904567092657;0.049875001423060894;0.049458001740276814;0.04499999340623617;0.0438750721514225;0.04466704558581114;0.04820898175239563;0.049291993491351604;0.04870793782174587;0.048625050112605095;0.04854204598814249;0.04912493750452995;0.04866707604378462;0.04687509499490261;0.048332964070141315;0.04441698547452688;0.04941597580909729;0.05408306606113911;0.049666035920381546;0.049708993174135685;0.049791065976023674;0.04891701973974705;0.048749963752925396;0.055459095165133476;0.044541084207594395;0.04433305002748966;0.05058303941041231;0.049208989366889;0.049332971684634686;0.048459041863679886;0.04912493750452995;0.04845799412578344;0.04850002005696297;0.04720897413790226;0.04383304622024298;0.043375068344175816;0.049208989366889;0.04933308809995651;0.05000003147870302;0.049541937187314034;0.049915979616343975;0.0499580055475235;0.04933308809995651;0.04841701593250036;0.04441605415195227;0.04437495954334736;0.049332971684634686;0.048832967877388;0.04958303179591894;0.05054101347923279;0.05091703496873379;0.05016708746552467;0.0504170311614871;0.04908395931124687;0.044792075641453266;0.04558300133794546;0.050458009354770184;0.050459057092666626;0.050875009037554264;0.04950002767145634;0.05024997517466545;0.04958396311849356;0.04950002767145634;0.048749963752925396;0.04445796366780996;0.046958914026618004;0.048749963752925396;0.04979199729859829;0.04933401942253113;0.05183299072086811;0.05491694901138544;0.04950002767145634;0.049875001423060894;0.04766706842929125;0.04466704558581114;0.044375075958669186;0.045291963033378124;0.05091703496873379;0.04949991125613451;0.0504170311614871;0.049915979616343975;0.04966708365827799;0.04966708365827799;0.04850002005696297;0.044334097765386105;0.04404096398502588;0.04783400800079107;0.048874993808567524;0.048416899517178535;0.04858302418142557;0.04900002386420965;0.048874993808567524;0.04924996756017208;0.05170796066522598;0.04437495954334736;0.04424992948770523;0.04691700451076031;0.05024997517466545;0.049875001423060894;0.04962494131177664;0.04895904567092657;0.05066592711955309;0.052875024266541004;0.05149992648512125;0.05991698708385229;0.05449994932860136;0.05291705019772053;0.04495901521295309;0.04954100586473942;0.05016603972762823;0.0500829191878438;0.049999915063381195;0.05037500523030758;0.0468340003862977;0.04533305764198303;0.04554097540676594;0.05262496415525675;0.050458009354770184;0.05804200191050768;0.050709000788629055;0.05549995694309473;0.04925008397549391;0.05604198668152094;0.04558300133794546;0.04441698547452688;0.043749925680458546;0.04770804662257433;0.04975008778274059;0.05012494511902332;0.04949991125613451;0.04954100586473942;0.0500410096719861;0.04954205360263586;0.04595902282744646;0.04416704177856445;0.04612491466104984;0.04979199729859829;0.04950002767145634;0.0487080542370677;0.04966696724295616;0.048291985876858234;0.04895799793303013;0.049749971367418766;0.04733400419354439;0.04483305383473635;0.04466692917048931;0.04954205360263586;0.05000003147870302;0.04970806185156107;0.0500410096719861;0.049208989366889;0.04983297549188137;0.050915987230837345;0.04658394027501345;0.043665990233421326;0.04395795986056328;0.04954100586473942;0.04979199729859829;0.04875008016824722;0.04929210990667343;0.049083027988672256;0.04929094575345516;0.05112495273351669;0.04795799031853676;0.04437495954334736;0.04495796747505665;0.04958303179591894;0.04949991125613451;0.049915979616343975;0.04970794543623924;0.05004194099456072;0.05008408334106207;0.0500410096719861;0.04866707604378462;0.04495901521295309;0.04491698928177357;0.05037500523030758;0.05012494511902332;0.05008396692574024;0.05054206121712923;0.05054206121712923;0.05270796827971935;0.04929094575345516;0.048582907766103745;0.04591699689626694;0.04520895890891552;0.04537496715784073;0.050332979299128056;0.050292001105844975;0.050875009037554264;0.06037508137524128;0.05112495273351669;0.0504589406773448;0.04741700831800699;0.04495796747505665;0.04575005732476711;0.05062494892627001;0.05079200491309166;0.049915979616343975;0.05050003528594971;0.0504170311614871;0.050458009354770184;0.049708993174135685;0.047459034249186516;0.045749940909445286;0.04666706081479788;0.05020794924348593;0.05066697485744953;0.05124998278915882;0.050541944801807404;0.049459049478173256;0.05024997517466545;0.04958396311849356;0.04641595296561718;0.04466704558581114;0.04612503107637167;0.049458001740276814;0.049625057727098465;0.0500410096719861;0.05070795305073261;0.049875001423060894;0.04824995994567871;0.050165923312306404;0.04779198206961155;0.04404108040034771;0.0451250234618783;0.05024997517466545;0.04958303179591894;0.050042057409882545;0.050332979299128056;0.05075009539723396;0.05000003147870302;0.050709000788629055;0.04695798270404339;0.04520791117101908;0.04570803139358759;0.04950002767145634;0.049875001423060894;0.050292001105844975;0.05012494511902332;0.04979199729859829;0.05012506153434515;0.050458009354770184;0.04716706462204456;0.04433398135006428;0.043584033846855164;0.04958303179591894;0.04941702354699373;0.049666035920381546;0.049791065976023674;0.050042057409882545;0.05049991887062788;0.05037500523030758;0.04820793401449919;0.049291993491351604;0.04466704558581114;0.049166963435709476;0.04900002386420965;0.04991702735424042;0.05025009158998728;0.053999945521354675;0.052416929975152016;0.05020794924348593;0.047291978262364864;0.04562491085380316;0.04575005732476711;0.049458001740276814;0.05033391062170267;0.05470798350870609;0.054750009439885616;0.052749994210898876;0.049083027988672256;0.04520791117101908;0.04212500061839819;0.04308403003960848;0.04258390981703997;0.04345807246863842;0.043625012040138245;0.04383292980492115;0.04337495192885399;0.04370789974927902;0.04512490704655647;0.04850002005696297;0.04837499000132084;0.047874986194074154;0.04445796366780996;0.05712499842047691;0.04470907151699066;0.049625057727098465;0.044625019654631615;0.04675006493926048;0.052875024266541004;0.04416704177856445
messaging,HYBRID,handshake_latency_ms_raw,0.4271250218153
messaging,HYBRID,tx_bytes_raw,1940;0
file_transfer,RSA,transfer_latency_ms_raw,950.5325419595465;956.7286249948665
file_transfer,RSA,throughput_mbps_raw,44.12583278162511;43.84005966187649
file_transfer,RSA,chunk_latency_ms_raw,2.982415957376361;2.916709054261446;2.968332963064313;2.8049160027876496;2.6504159905016422;2.7286249678581953;2.767625031992793;2.623041975311935;2.708542044274509;2.7630000840872526;2.737083937972784;2.8114160522818565;2.840499975718558;2.8443329501897097;2.8427080251276493;2.6852500159293413;2.652833005413413;2.7346250135451555;2.8264999855309725;2.7574169216677547;2.7814999921247363;2.7297079795971513;2.8074999572709203;2.8274169890210032;2.9353329446166754;2.8943339129909873;2.913417061790824;2.890709089115262;2.907790942117572;2.888292074203491;2.629667054861784;2.7018750552088022;2.7767500141635537;2.7754580369219184;2.8453749837353826;2.931874943897128;2.8577089542523026;2.763541997410357;2.720374963246286;2.5900410255417228;2.780540962703526;2.7840830152854323;2.7336670318618417;2.800874994136393;2.6699589798226953;2.7424999279901385;2.76041601318866;2.7376250363886356;2.69658409524709;2.8184589464217424;2.8603749815374613;2.684582956135273;2.707957988604903;2.817707951180637;2.7864169096574187;2.798832952976227;2.7536250418052077;2.6235419791191816;2.7658749604597688;2.831124933436513;2.600707928650081;2.68287502694875;2.7893329970538616;2.6628749910742044;2.672291942872107;2.8238340746611357;2.8165410039946437;2.800749964080751;2.8378749266266823;2.8762499568983912;2.856750041246414;2.9156659729778767;2.8499580221250653;2.8707090532407165;2.9192500514909625;2.885333029553294;2.925500040873885;2.9506669379770756;2.9035829938948154;2.953459043055773;2.918291953392327;2.896375022828579;2.945125102996826;2.8899579774588346;2.850292017683387;2.956041949801147;2.8943330980837345;2.9603750444948673;2.6870829751715064;2.6757499435916543;2.7423750143498182;2.818834036588669;2.7912920340895653;2.8463330818340182;2.820290974341333;2.844042028300464;2.9027920681983232;2.9100000392645597;2.8736250242218375;2.8683750424534082;2.874125028029084;2.836041967384517;2.875500009395182;2.9051669407635927;2.893917029723525;2.969458932057023;2.8615419287234545;2.8622919926419854;2.9752079863101244;2.919374965131283;2.8972079744562507;2.8690830804407597;2.881416934542358;2.944250009022653;2.912833937443793;2.9028330463916063;2.978708944283426;2.9262080788612366;2.9101669788360596;2.9422499937936664;2.897124970331788;2.9147500172257423;2.9851660365238786;3.0912079382687807;3.112124977633357;3.0568749643862247;3.0079579446464777;3.1868750229477882;3.024459001608193;3.0317920027300715;3.0620420584455132;2.7738750213757157;2.7830840554088354;2.8750409837812185;2.7667090762406588;2.846833085641265;2.8760420391336083;2.866750000976026;2.948957961052656;2.910875016823411;2.896666992455721;2.9632910154759884;2.984958002343774;2.8937500901520252;3.0224169604480267;2.9122079722583294;2.9416250763460994;2.980499994009733;2.9940829845145345;2.9887090204283595;2.994542010128498;2.971332985907793;3.0512079829350114;3.0070000793784857;2.9678749851882458;3.0376670183613896;2.9938750667497516;2.979750046506524;3.035334055311978;2.9815840534865856;3.0092919478192925;2.9597500106319785;3.020040923729539;2.9362920904532075;2.811292069964111;2.8515829471871257;2.984749968163669;2.877624938264489;2.9396250611171126;3.0204160138964653;2.921166946180165;2.9772910056635737;2.8050829423591495;2.8799999272450805;2.9123330023139715;2.7544159675017;2.8635000344365835;2.9982919804751873;2.926000044681132;2.9236250557005405;2.998832962475717;2.9737079748883843;2.959165954962373;2.982207923196256;2.9694170225411654;2.9907500138506293;2.96691688708961;2.962541999295354;3.083959105424583;2.94991594273597;2.970666973851621;2.988792024552822;2.983042038977146;2.9804579680785537;2.9799590120092034;2.970875008031726;2.9908750439062715;2.98416696023196;2.9880841029807925;2.9996249359101057;3.004666999913752;3.012166009284556;2.9873340390622616;2.9884170508012176;3.0413330532610416;2.9914580518379807;3.041667048819363;3.01574997138232;2.9947080183774233;2.9863748932257295;3.0236670281738043;2.952125039882958;2.8204580303281546;2.934624906629324;2.958333003334701;2.946708002127707;2.7753330068662763;2.8651669854298234;2.91012495290488;2.909082919359207;2.945916960015893;2.935083000920713;2.8969169361516833;3.0051670037209988;3.0672920402139425;2.9504590202122927;2.965416992083192;2.864583977498114;3.0130419181659818;3.0320408986881375;3.013749956153333;3.0434589134529233;3.0563329346477985;2.9469580622389913;2.9230420477688313;2.996208961121738;2.909832983277738;3.0419169925153255;3.0856250086799264;3.017875016666949;2.987500047311187;2.802124945446849;2.8913329588249326;2.9070000164210796;2.9094580095261335;2.8358750278130174;2.846166957169771;2.95391702093184;3.042166936211288;2.9871250735595822;3.0091250082477927;3.012417000718415;3.0092080123722553;3.0103339813649654;2.9999170219525695;2.991457935422659;2.836874919012189;2.8822909807786345;2.9422499937936664;2.95745802577585;2.994457958266139;3.0153749976307154;2.9935420025140047;3.025125013664365;3.020999953150749;3.0174580169841647;3.0224170768633485;3.013417008332908;3.002209006808698;2.984291990287602;2.991375047713518;3.001165925525129;3.019833005964756;2.9881669906899333;3.007416962645948;3.0374169582501054;3.0752919847145677;2.884083893150091;2.9064579866826534;2.972166985273361;3.022541990503669;3.079000045545399;3.0481660505756736;3.0361670069396496;2.9818330658599734;3.020124975591898;2.9887919081375003;3.0300829093903303;3.0175839783623815;3.021499956957996;2.877083024941385;2.8035830473527312;2.925500040873885;2.9354580910876393;2.946582972072065;2.973709022626281;2.9975830111652613;2.9709169175475836;3.015125053934753;2.972249989397824;2.9562090057879686;2.9902500100433826;2.9577090172097087;2.997542032971978;3.0205000657588243;3.0055419774726033;2.978916047140956;2.976750023663044;2.9925830895081162;2.971542067825794;2.963833976536989;3.0194580322131515;2.8208750300109386;2.876583021134138;2.918125013820827;2.9487910214811563;2.973125083371997;3.0493329977616668;2.9493329348042607;3.0008750036358833;2.8616670751944184;2.873541903682053;2.90041696280241;3.0388750601559877;2.8959159972146153;2.8972909785807133;2.8530829586088657;2.8784170281141996;2.8857080033048987;2.8790420619770885;2.8577499324455857;2.8692499035969377;2.874458907172084;2.8552080038934946;2.8613749891519547;2.8554589953273535;2.8733329381793737;2.9944999841973186;2.9016670305281878;2.859416068531573;2.8772089863196015;2.8981659561395645;2.905166009441018;2.886125002987683;2.895790967158973;2.886667032726109;2.869167015887797;2.9111660551279783;2.896666992455721;2.874540979973972;2.885167021304369;2.8572080191224813;2.9039999935775995;2.939000027254224;2.939208992756903;2.9048329452052712;2.9034160543233156;2.8633750043809414;2.708749962039292;2.8184170369058847;2.8719580732285976;2.863875008188188;2.873457968235016;2.8301249258220196;2.6710840174928308;2.7198330499231815;2.8639999218285084;2.8114579617977142;2.8397920541465282;2.785665914416313;2.798624918796122;2.833792008459568;2.93354201130569;3.037292044609785;2.8706660959869623;2.9012500308454037;2.899833023548126;2.9360840562731028;2.9012500308454037;2.9115830548107624;2.906291978433728;2.8636669740080833;2.904374967329204;2.7287909761071205;2.73049995303154;2.847542054951191;2.800541929900646;2.8214589692652225;2.8566670371219516;2.7157911099493504;2.8227909933775663;2.9066249262541533;2.9012089362367988;2.899708109907806;2.8769579948857427;2.9184999875724316;2.9270420782268047;2.877500024624169;2.9234590474516153;2.9657920822501183;2.941708080470562;2.9633339727297425;2.9322499176487327;2.9424160020425916;2.95075005851686;2.943500061519444;2.920042024925351;2.9499169904738665;2.8892499394714832;2.9455419862642884;2.9035418992862105;2.9241660377010703;2.9663750901818275;2.9251660453155637;2.939124940894544;2.9341249028220773;2.9632089426741004;2.9329160461202264;2.7437079697847366;2.734125009737909;2.8190419543534517;2.8535830788314342;2.8968750266358256;2.901292056776583;2.8975409222766757;2.8860840247943997;2.936708042398095;2.8650000458583236;2.9063340043649077;2.899250015616417;2.8984580421820283;2.903624903410673;2.9057080391794443;2.904583001509309;2.9247079510241747;2.928416943177581;2.922459039837122;2.8816249687224627;2.9375419253483415;2.924583968706429;3.0007919995114207;2.897665952332318;2.9114580247551203;2.927792025730014;2.9381250496953726;2.8520419728010893;2.738458919338882;2.8159170178696513;2.9358750907704234;2.7444580337032676;2.8615830233320594;2.849415992386639;2.9561250703409314;2.980499994009733;2.895624958910048;2.9059170046821237;2.940916921943426;2.930791932158172;2.9067089781165123;2.9445000691339374;2.9596660751849413;2.9568750178441405;2.9365839436650276;2.9404580127447844;2.9332920676097274;2.961207996122539;2.9334169812500477;2.950625028461218;2.938334015198052;2.9329160461202264;2.777791931293905;2.760250004939735;2.8355830581858754;2.942958031781018;2.872333046980202;2.9150000773370266;2.92654091026634;2.9388749971985817;2.9297920409590006;2.9270839877426624;2.937417011708021;2.96679197344929;2.932415925897658;2.936250064522028;2.956083044409752;2.9511250322684646;2.935832948423922;2.7520000003278255;2.8471670811995864;2.957290969789028;2.927624969743192;2.93804204557091;2.9251250671222806;2.9411669820547104;2.9307499062269926;2.938500023446977;2.9446660773828626;2.964374958537519;2.965457970276475;2.918416983447969;2.944125095382333;2.909792005084455;2.9275830602273345;2.976124989800155;2.9319170862436295;2.9550420586019754;2.9953340999782085;2.9674579855054617;2.958624972961843;3.0081250006332994;2.9531249310821295;2.9609999619424343;2.9932090546935797;2.9755409341305494;3.0254169832915068;2.9562499839812517;2.9392499709501863;2.968624932691455;2.964916988275945;2.933708019554615;2.9690410010516644;2.985792001709342;3.075249958783388;3.0239169718697667;2.9659580904990435;2.981457975693047;2.948459004983306;2.794999978505075;2.913458039984107;2.917999983765185;2.9602079885080457;2.7262080693617463;2.733041997998953;2.7869580080732703;2.8843750478699803;2.901708008721471;2.8747919714078307;2.778208930976689;2.863291068933904;2.980042016133666;2.9746670043095946;3.0260829953476787;2.9640840366482735;2.9765840154141188;2.9778750613331795;3.02995799575001;2.998791984282434;2.9935420025140047;2.974624978378415;3.0086670303717256;2.985958009958267;2.9664590256288648;3.021167009137571;2.980249933898449;2.997333067469299;2.9439160134643316;3.0620000325143337;2.97949998639524;2.9800839256495237;2.988958964124322;2.986708073876798;3.024208010174334;2.9908749274909496;3.014291054569185;3.0836249934509397;3.032333916053176;3.038833034224808;3.1698329839855433;3.0462080612778664;3.0944589525461197;3.0369999585673213;3.055750043131411;2.972666989080608;2.9139580437913537;2.997625037096441;2.976291929371655;3.050500061362982;3.110417048446834;3.126417053863406;2.978084026835859;2.972458954900503;3.0588749796152115;3.0100829899311066;3.089791047386825;3.034583991393447;3.0725409742444754;3.041708027012646;3.042708965949714;3.121291985735297;3.0548330396413803;3.050292027182877;3.305374993942678;2.8390419902279973;2.9044579714536667;2.835000050254166;2.931250026449561;2.953957999125123;2.9862920055165887;2.9701670864596963;3.002417040988803;2.9662499437108636;2.9879159992560744;2.9986249282956123;2.9518749797716737;2.950625028461218;3.018000046722591;2.9732920229434967;2.9821250354871154;2.9948329320177436;2.9782080091536045;3.0098339775577188;2.949708024971187;2.9864999232813716;2.9805420199409127;2.988290973007679;2.9992079362273216;2.9802920762449503;2.986749983392656;2.9938750667497516;2.9575839871540666;2.9894589679315686;3.036875044927001;2.9765419894829392;2.968749962747097;2.988249994814396;2.994125010445714;2.982957987114787;2.9973749769851565;2.955749980174005;2.9885830590501428;2.935167052783072;3.0185830546543;2.959958976134658;2.993999980390072;2.9609580524265766;3.012582892552018;3.0046249739825726;2.9770000837743282;2.966957981698215;2.984457998536527
file_transfer,RSA,handshake_latency_ms_raw,36.73441696446389
file_transfer,RSA,tx_bytes_raw,707;0
file_transfer,RSA,renegotiation_count_raw,0;0
file_transfer,ECC,transfer_latency_ms_raw,947.3780839471146;956.3140419777483
file_transfer,ECC,throughput_mbps_raw,44.27275731907408;43.85906528493277
file_transfer,ECC,chunk_latency_ms_raw,2.830042038112879;2.849375014193356;2.8676249785348773;2.787749981507659;2.590249991044402;2.642916049808264;2.752415952272713;2.7574999257922173;2.7466670144349337;2.739708055742085;2.7109578950330615;2.7999590383842587;2.8245829744264483;2.607624977827072;2.7457920368760824;2.8549160342663527;2.7612500125542283;2.812082995660603;2.8349169297143817;2.819541026838124;2.8428330551832914;2.8327920008450747;2.8067079838365316;2.8187920106574893;2.8168329736217856;2.836500061675906;2.8597089694812894;2.8047090163454413;2.820999943651259;2.8024589410051703;2.8424999909475446;2.8505829395726323;2.967833075672388;2.8796669794246554;2.858084044419229;2.881875028833747;2.8946249512955546;2.882583998143673;2.902874955907464;2.902582986280322;2.905000001192093;2.9174580704420805;2.886542002670467;2.937125042080879;2.8861670289188623;2.894582925364375;2.899375045672059;2.9255830449983478;2.908542053773999;2.985375002026558;2.8912919806316495;2.8657090151682496;2.8809589566662908;2.9017500346526504;2.9118750244379044;2.932499977760017;2.9375830199569464;2.7433749055489898;2.6285829953849316;2.6627089828252792;2.748166909441352;2.634083037264645;2.751291962340474;2.810959005728364;2.7339590014889836;2.622916013933718;2.775041968561709;2.5826250202953815;2.7722090017050505;2.915249904617667;2.7632919372990727;2.692166017368436;2.8077500173822045;2.8270420152693987;2.7559170266613364;2.6136250235140324;2.700999961234629;2.8110829880461097;2.7032080106437206;2.6637500850483775;2.712624962441623;2.7957919519394636;2.7773750480264425;2.7946250047534704;2.8665419667959213;2.860417007468641;2.826708019711077;2.814750070683658;2.8026249492540956;2.804832998663187;2.832749974913895;2.798625035211444;2.7766249841079116;2.700459095649421;2.6551249902695417;2.7586669893935323;2.7857909444719553;2.7890000492334366;2.821833943016827;2.8258339734748006;2.807250013574958;2.8113749576732516;2.926458022557199;2.8712500352412462;2.8483750065788627;2.8155000181868672;2.840208006091416;2.866791095584631;2.882541040889919;2.8288749745115638;2.85633304156363;2.8577500488609076;2.879250096157193;2.9236250557005405;2.9349999967962503;2.8721250128000975;2.8866248903796077;2.9029579600319266;2.9190839268267155;2.7456660754978657;2.685333020053804;2.736042020842433;2.787041012197733;2.8460839530453086;2.869916963391006;2.919499995186925;2.876457991078496;2.924541011452675;2.893958007916808;2.930500078946352;2.9366669477894902;2.905166009441018;2.89574998896569;2.9143330175429583;2.9189580818638206;2.9474999755620956;2.9701670864596963;2.9111660551279783;2.946334076113999;2.956707961857319;2.9645829927176237;2.959958976134658;2.9088750015944242;2.91012495290488;2.959375036880374;2.932916977442801;2.917582984082401;2.990415901876986;2.9527919832617044;2.978250035084784;2.96512502245605;2.984333084896207;3.0115830013528466;2.9531250474974513;2.9486670391634107;2.9499171068891883;2.9644579626619816;2.9743750346824527;3.0078329145908356;2.9648750787600875;2.96512502245605;2.9622919391840696;2.9997500823810697;2.99987499602139;2.96662503387779;2.9307499062269926;2.899083076044917;2.7417499804869294;2.835082937963307;2.905125031247735;2.867458970285952;2.878583036363125;2.9713750118389726;2.9106669826433063;2.9311670223250985;2.9676250414922833;2.929207985289395;2.9159169644117355;2.924958011135459;2.905542030930519;2.9442920349538326;2.952000009827316;2.9447500128299;2.927166991867125;2.9221250442788005;2.977041993290186;3.0305420514196157;2.959541976451874;2.9807499377056956;2.9752079863101244;2.973249997012317;3.00304195843637;2.976040937937796;2.9966250294819474;2.99016700591892;3.010291955433786;2.948167035356164;3.007291932590306;3.000624943524599;2.995415939949453;2.998500014655292;3.010875079780817;3.01520898938179;3.0269590206444263;2.980082994326949;2.9879159992560744;2.983874990604818;2.990499953739345;3.0239580664783716;2.9088329756632447;2.739708055742085;2.8597499476745725;2.8733330545946956;2.9067499563097954;2.9167920583859086;2.8885420178994536;2.8899579774588346;2.812708029523492;2.9238330898806453;3.105750074610114;2.730291918851435;2.9026250122115016;2.800124930217862;2.8232920449227095;2.823334070853889;2.958750003017485;2.948666922748089;2.9699589358642697;2.9715410200878978;2.98766593914479;3.0291250441223383;3.0190000543370843;2.9905830742791295;2.9516660142689943;3.013583947904408;2.9964579734951258;3.077874891459942;3.0509999487549067;3.028124920092523;2.9786250088363886;2.9770409455522895;3.026333055458963;3.0250829877331853;2.9913330217823386;3.006374929100275;2.954791998490691;2.9978330712765455;3.053624997846782;3.009959007613361;3.004875034093857;2.9785840306431055;2.962666912935674;3.074166947044432;3.0282919760793447;2.989458036608994;3.0348749132826924;3.016166971065104;3.035374917089939;3.028417006134987;3.0316250631585717;3.077167086303234;3.0055419774726033;3.0159999150782824;3.015708993189037;3.0260829953476787;2.9948330484330654;2.994416980072856;3.031291998922825;3.074374981224537;2.840832923538983;2.791792037896812;2.8786660404875875;2.8940830379724503;2.954249968752265;2.9225420439615846;2.8009170200675726;2.8829160146415234;3.0106661142781377;2.7806669240817428;2.9152079951018095;2.977625001221895;2.9871250735595822;2.9319170862436295;2.8014170238748193;2.9689579969272017;3.0134579865261912;2.8814160032197833;2.9367910465225577;2.9587089084088802;2.9678340069949627;2.9759579338133335;2.9969169991090894;3.0085420003160834;3.031875006854534;3.0280419159680605;3.0125000048428774;3.0580420279875398;3.0070000793784857;2.991209039464593;3.0299999052658677;3.010749933309853;3.057667054235935;3.0625000363215804;2.9865839751437306;3.0182499904185534;2.9675420373678207;3.0035419622436166;3.0085830949246883;2.9610409401357174;2.997874980792403;2.9790829867124557;2.9608329059556127;3.079792018979788;2.8925000224262476;2.8571669245138764;2.9496659990400076;2.9938750667497516;3.0258750775828958;3.0811249744147062;2.984332968480885;2.850125078111887;2.8402500320225954;2.8323750011622906;2.849042066372931;2.8603749815374613;2.858457970432937;2.8799580177292228;2.839457942172885;2.8630829183384776;2.9026250122115016;2.8808750212192535;2.86100001540035;2.874750061891973;2.859208034351468;2.8551670257002115;2.993499976582825;2.8491669800132513;2.8515419689938426;2.8771250508725643;2.8699999675154686;2.8689580503851175;2.905959030613303;2.879749983549118;2.90179206058383;2.86416697781533;2.88004195317626;2.891124924644828;2.8864580672234297;2.9082499677315354;2.899416023865342;2.8840829618275166;2.9192910296842456;2.966750063933432;2.934666001237929;2.631083014421165;2.745416946709156;2.7773750480264425;2.830540994182229;2.841415931470692;2.812082995660603;2.8580829966813326;2.858417108654976;2.8686249861493707;2.8830840019509196;2.8846249915659428;2.8840419836342335;2.920250059105456;2.9002500232309103;2.8504160000011325;2.9693329706788063;2.887292066588998;2.89441691711545;2.7506659971550107;2.72366707213223;2.768874983303249;2.8129590209573507;2.6868749409914017;2.772832987830043;2.8216660721227527;2.877832972444594;2.840208006091416;2.8846251079812646;2.8690419858321548;2.8836249839514494;2.9074999038130045;2.8985420940443873;2.959041972644627;2.932374947704375;2.9135840013623238;2.9095420613884926;2.931250026449561;2.935415948741138;2.9577499954029918;2.9139159014448524;2.9081670800223947;2.9402079526335;2.900333027355373;2.914292039349675;2.8725829906761646;2.93654203414917;2.8976249741390347;2.907334011979401;2.955749980174005;2.9851249419152737;2.9461249941959977;3.1003329204395413;2.919333055615425;2.9097909573465586;2.9540000250563025;2.920374972745776;2.918916055932641;2.95541703235358;2.9319169698283076;2.9473750619217753;2.971458015963435;2.9360830085352063;2.967791981063783;2.9312080005183816;2.933124895207584;2.9183330480009317;3.039875067770481;2.9373749857768416;2.891334006562829;2.6584159350022674;2.7983749751001596;2.8128339909017086;2.8564579552039504;2.8801660519093275;2.8660830575972795;2.8638329822570086;2.9027919517830014;2.918040961958468;2.8870420064777136;2.902416978031397;2.943499945104122;2.9182080179452896;2.931667026132345;3.0099580762907863;2.8892089612782;2.9275830602273345;2.9409589478746057;2.915958990342915;2.924333093687892;2.7634999714791775;2.738916897214949;2.8067920356988907;2.8900409815832973;2.885832916945219;2.9289169469848275;2.8663339326158166;2.902874955907464;2.915833960287273;2.9425000539049506;2.941833925433457;3.02229099906981;2.932041068561375;2.9842909425497055;2.964792074635625;2.9150829650461674;2.9328339733183384;2.8983340598642826;2.939834026619792;2.9564580181613564;2.9489999869838357;2.9408750124275684;2.980415942147374;2.9387499671429396;2.9669590294361115;2.9456668999046087;2.966500003822148;3.020708099938929;3.010791027918458;2.9867910780012608;3.0070000793784857;2.9570000478997827;2.954334020614624;2.9739170568063855;2.9599160188809037;2.9623749433085322;2.9670419171452522;2.978875068947673;2.989291911944747;2.942749997600913;2.9609999619424343;2.9882079688832164;2.970250090584159;2.977333962917328;3.0566250206902623;2.960250014439225;2.9835409950464964;2.748665981926024;2.8390419902279973;2.945000072941184;2.7744589606299996;2.76458403095603;2.8500829357653856;2.869082964025438;2.895332989282906;2.9100419487804174;2.9265829361975193;2.918040961958468;2.968000015243888;2.9331669211387634;2.935167052783072;3.00137500744313;2.9550420586019754;2.9617079999297857;2.9366660164669156;2.962041995488107;2.9764999635517597;2.969459048472345;2.9574170475825667;2.944250009022653;2.9787500388920307;2.9664169996976852;3.0250829877331853;2.9499169904738665;2.9331669211387634;2.93516693636775;2.915124990977347;3.0004169093444943;2.9692919924855232;2.9657909180969;2.947875065729022;2.9660839354619384;2.995625021867454;2.974082948639989;2.9784170910716057;2.9649579664692283;2.9480409575626254;2.9713750118389726;2.9493749607354403;2.9619999695569277;2.9654999962076545;2.97029095236212;2.9453340684995055;2.934874966740608;3.0247910181060433;2.9501249082386494;2.974333008751273;2.735291956923902;2.8168330900371075;2.8781669680029154;2.826749929226935;2.8207909781485796;2.9023339739069343;2.932916977442801;2.948333043605089;2.993041998706758;2.9341670451685786;3.0052500078454614;2.9612910002470016;2.9751670081168413;3.089957986958325;2.90029204916209;2.8275420190766454;2.9938750667497516;3.090833080932498;2.9867910780012608;3.094124956987798;2.9791250126436353;3.0120000010356307;3.016917034983635;2.910874900408089;2.974207978695631;3.0159589368849993;2.902165986597538;2.9156249947845936;2.925165928900242;2.8462919872254133;2.9248750070109963;2.934416988864541;2.946958993561566;3.0146249337121844;2.9887499986216426;2.99383292440325;2.989709028042853;2.99520802218467;3.00620892085135;2.985375002026558;3.001707955263555;3.0226249946281314;2.996249939315021;3.0033329967409372;2.9702080646529794;3.0288329580798745;3.0219999607652426;3.041874966584146;2.9882079688832164;3.024459001608193;3.005750011652708;3.0025839805603027;2.9842909425497055;2.9572920175269246;2.971332985907793;3.054165979847312;2.9907500138506293;2.9866660479456186;2.968750079162419;2.9729590751230717;2.983541926369071;2.9106669826433063;2.838500076904893;2.9201250290498137;2.925541950389743;2.9674170073121786;2.838292042724788;2.8035000432282686;2.930833026766777;2.9535830253735185;2.8767500771209598;2.984583959914744;2.8141250368207693;2.9177910182625055;3.017707960680127;3.0147089855745435;3.0620000325143337;3.0480839777737856;3.0649169348180294;3.0166669748723507;3.1677091028541327;3.043124917894602;3.0037909746170044;3.0590409878641367;3.0414171051234007;3.0734590254724026;3.038667025975883;3.032832988537848;3.0010000336915255;3.017667098902166;3.023875062353909;3.040708019398153;2.9902909882366657;2.994165988638997;2.987749991007149;3.005416947416961;2.9937090585008264;2.9931670287624;3.0342910904437304;2.980958088301122
file_transfer,ECC,handshake_latency_ms_raw,0.3155829617753625
file_transfer,ECC,tx_bytes_raw,356;0
file_transfer,ECC,renegotiation_count_raw,0;0
file_transfer,KYBER,transfer_latency_ms_raw,967.0061250217259;963.2000409765169
file_transfer,KYBER,throughput_mbps_raw,43.37412030255512;43.545513097650066
file_transfer,KYBER,chunk_latency_ms_raw,2.888374961912632;2.901999978348613;2.8736250242218375;2.9443750390782952;2.952000009827316;2.9067910509184003;2.881749998778105;2.8953750152140856;2.8960410272702575;2.9272909741848707;2.9016250045970082;2.893041935749352;2.8911669505760074;2.9030420118942857;2.8864999767392874;2.877459046430886;2.912249998189509;2.887458889745176;2.9063750989735126;2.890208037570119;2.9145829612389207;2.84995895344764;2.743749995715916;2.800040994770825;2.854375052265823;2.8469159733504057;2.8212920296937227;2.9018339700996876;2.929000067524612;2.892291988246143;2.9097909573465586;2.9024999821558595;2.909999922849238;2.886165981180966;2.929333015345037;2.9005419928580523;2.901249914430082;2.895917044952512;2.8997500194236636;2.895292011089623;2.880375017412007;2.9277080902829766;2.939749974757433;2.9727090150117874;2.929790993221104;2.932957955636084;2.9585420852527022;2.883042092435062;2.9212500667199492;2.918874961324036;2.876124926842749;2.8932919958606362;2.892791060730815;2.9028330463916063;2.8964999364688993;2.929000067524612;2.9019579524174333;2.88454198744148;2.9039999935775995;2.883290988393128;2.8915000148117542;2.9013329185545444;2.8992079896852374;2.8982500080019236;2.8660829411819577;2.894999925047159;2.9126660665497184;2.8779160929843783;2.8929580003023148;2.8965830570086837;2.9117499943822622;2.8653749031946063;2.9197499388828874;2.8650840977206826;2.9048339929431677;2.8508329996839166;2.767500001937151;2.865124959498644;2.902040956541896;3.0064580496400595;2.995333052240312;2.955790958367288;2.923959051258862;2.931750030256808;2.8879999881610274;2.885916968807578;2.950625028461218;2.9292090330272913;2.959375036880374;2.9165830928832293;2.949999994598329;2.9358750907704234;2.9314170824363828;2.8793340316042304;2.940499922260642;2.920042024925351;2.9496249044314027;3.000749973580241;2.9067080467939377;2.9469579458236694;3.0904579907655716;2.9269170481711626;2.925291075371206;2.8929589316248894;2.9119589598849416;2.9085000278428197;2.9189999913796782;2.938374993391335;2.93804204557091;2.9074590420350432;2.90012510959059;2.9445830732584;2.915999968536198;2.9569159960374236;2.8150000143796206;2.865582937374711;2.931791008450091;2.9366250382736325;2.9535420471802354;3.0097919516265392;2.9540410032495856;2.9313330305740237;2.9727499932050705;2.997957984916866;2.996124909259379;2.9864589450880885;2.9719999292865396;3.047207952477038;2.964499988593161;2.935832948423922;3.0139590380713344;3.0032090144231915;2.9559999238699675;2.9904580442234874;2.979709068313241;2.967708045616746;3.0109169892966747;2.9585420852527022;2.9808749677613378;3.018458024598658;2.942416933365166;2.9834170127287507;2.9815000016242266;2.9766670195385814;2.9567090095952153;3.0057079857215285;2.987958025187254;2.7674580924212933;2.7764999540522695;2.842833986505866;2.805249998345971;2.842959016561508;2.8838750440627337;2.889874973334372;2.803000039421022;2.9553748900070786;2.9911670135334134;3.0236250022426248;2.997457981109619;3.011833061464131;3.0431250343099236;3.0709170969203115;3.010209067724645;3.0330410227179527;3.0686670215800405;3.0033750226721168;3.060291986912489;3.0615419382229447;3.0548329232260585;3.0477920081466436;2.982208039611578;3.0262499349191785;2.9400839703157544;3.0203330097720027;3.0027079628780484;2.952457987703383;2.9866660479456186;3.003166988492012;2.972832997329533;2.9825420351698995;3.0424579745158553;2.969958004541695;2.99220799934119;2.7370830066502094;2.818249980919063;2.837124979123473;2.727749990299344;2.8610839508473873;2.9185409657657146;2.933959010988474;2.950625028461218;2.936333999969065;2.993499976582825;2.986249979585409;3.021082957275212;2.9779999749734998;3.0198750318959355;2.9929589945822954;2.98250000923872;3.0493750236928463;2.9639999847859144;3.023874945938587;3.0150830280035734;2.956207958050072;2.9785839142277837;2.990082954056561;2.9732079710811377;2.999083953909576;2.9918329091742635;2.9873750172555447;2.985415980219841;2.9959999956190586;3.069375059567392;3.0463330913335085;3.075166023336351;3.1360830180346966;3.0414160573855042;3.1053749844431877;3.2093339832499623;3.1775409588590264;2.9233329696580768;3.051500068977475;3.1578330090269446;3.088667057454586;2.9994589276611805;3.016500035300851;2.9379159677773714;2.8861670289188623;2.917375066317618;3.080375026911497;3.2172499923035502;3.234207979403436;3.1957500614225864;3.2028339337557554;3.147541079670191;2.9993749922141433;2.982917008921504;3.00904200412333;3.0300839571282268;3.028125036507845;2.775666071102023;2.9494590125977993;2.997207920998335;2.832749974913895;2.8787499759346247;2.925375010818243;2.8158329660072923;2.915916033089161;2.98700004350394;2.9407080728560686;2.966624917462468;2.9992079362273216;2.9747079825028777;3.025250043720007;3.005333011969924;2.995000104419887;3.0146660283207893;3.0421660048887134;2.9905419796705246;3.0715420143678784;3.0074999667704105;3.011042019352317;3.0369580490514636;3.049084101803601;3.0297079356387258;3.036582958884537;3.016292001120746;2.9944590060040355;3.006083075888455;3.0217089224606752;2.9927920550107956;3.0292499577626586;3.0394589994102716;3.017583047039807;3.0282909283414483;3.0207090312615037;2.9955829959362745;3.017792012542486;3.055208013392985;3.041582996957004;3.025999991223216;3.020999953150749;2.918291953392327;2.9177910182625055;2.9131670016795397;2.992167021147907;2.920792088843882;3.02175001706928;3.036333015188575;3.035082947462797;3.025125013664365;3.0697500333189964;3.0412080232053995;3.0667909886687994;3.0929169151932;3.05954203940928;3.046541940420866;3.062124946154654;3.0421250266954303;2.9964169953018427;3.0068749329075217;3.0245829839259386;3.092666040174663;3.034790977835655;3.0385409481823444;3.0252080177888274;3.0057079857215285;3.0599579913541675;3.0193330021575093;3.0396670335903764;3.064249991439283;3.0485830502584577;3.090208047069609;3.091417020186782;3.015332971699536;3.051124978810549;3.0276250327005982;3.0257500475272536;3.026416990906;3.045791992917657;2.889166004024446;2.901999978348613;2.9235839610919356;2.8770420467481017;2.908834023401141;2.67150008585304;2.742749988101423;2.8646670980378985;2.8481250628829002;2.8837090358138084;2.705542021431029;2.847208990715444;2.8721659909933805;2.789790974929929;2.7337089413776994;2.825249917805195;2.716667018830776;2.830167068168521;3.000916913151741;2.738500013947487;2.8470830293372273;2.8764590388163924;2.8655000496655703;2.8985829558223486;2.938041929155588;2.9239580035209656;2.94487492647022;2.94104206841439;2.8800000436604023;2.905040979385376;2.8827920323237777;2.915541990660131;2.9302090406417847;2.93516693636775;2.9077919898554683;2.9142500134184957;2.91966600343585;2.9117080848664045;2.9009999707341194;2.924665925092995;2.907667076215148;2.9787920648232102;2.922499901615083;2.9526669532060623;2.9152919305488467;2.8926250524818897;2.940166974440217;2.947749919258058;2.9077499639242887;2.931833965703845;2.9120410326868296;2.894875011406839;2.902125008404255;2.894541947171092;2.922625048086047;2.9317080043256283;2.921457984484732;2.9046250274404883;2.9515420319512486;2.943042083643377;2.943500061519444;2.9199999989941716;2.911958028562367;2.9394999146461487;2.9225830221548676;2.923542051576078;2.9610838973894715;2.9560000402852893;2.945584012195468;2.9472080059349537;2.9154580552130938;2.9547500889748335;2.8895410941913724;2.9217080445960164;2.950708963908255;2.8204580303281546;2.915582968853414;2.9667499475181103;2.978874952532351;2.9387089889496565;2.9601670103147626;2.9152079951018095;2.970708068460226;3.018040908500552;2.9573331121355295;2.9963329434394836;2.9753330163657665;2.9504999984055758;2.980499994009733;2.9240830335766077;2.960665966384113;2.9894999461248517;2.969374996609986;2.9299999587237835;2.937417011708021;2.91366595774889;2.9674998950213194;2.964042010717094;2.942583989351988;2.9542080592364073;2.927459077909589;2.9465830884873867;2.961041056551039;2.94570904225111;2.9401660431176424;2.966500003822148;2.9562920099124312;2.929416950792074;3.0042920261621475;2.9532499611377716;2.963333041407168;2.9936659848317504;2.995750051923096;2.9325409559533;2.978375065140426;2.9397920006886125;2.96212499961257;2.983124926686287;2.7243749937042594;2.8310830239206553;2.853624988347292;2.9163749422878027;2.8733749641105533;2.8942920034751296;2.8886250220239162;2.945499960333109;2.946999971754849;2.967416075989604;2.894541947171092;2.957834047265351;2.9235840775072575;2.935625030659139;2.9462920501828194;2.9889590805396438;2.9345829971134663;2.942207967862487;2.772207953967154;2.8710420010611415;2.9405829263851047;2.9161249985918403;2.9488749569281936;2.9407499823719263;2.7641250053420663;2.858709078282118;2.9644169844686985;2.7666670503094792;2.883415902033448;2.948042005300522;2.934333053417504;2.9449170688167214;2.986209001392126;2.9730830574408174;2.9873340390622616;2.9694160912185907;2.9773330315947533;2.975667011924088;2.9827499529346824;2.981250057928264;3.0390419997274876;3.01241606939584;3.026624908670783;2.9888750286772847;2.9830000130459666;2.982791978865862;2.959707984700799;2.9401250649243593;2.9980000108480453;2.9746670043095946;2.957209013402462;2.9475409537553787;2.9837919864803553;3.007458057254553;2.975749899633229;2.9797079041600227;3.007250023074448;3.008458996191621;3.016415983438492;3.028874984011054;2.9817090835422277;2.9972080374136567;2.9990000184625387;2.9937908984720707;3.005083999596536;3.0022499850019813;2.92516709305346;2.790499944239855;2.8091249987483025;2.877000020816922;2.9665419133380055;2.946582972072065;2.9358750907704234;3.030582913197577;2.958333003334701;3.0191249679774046;2.975833951495588;3.0017909593880177;2.9808329418301582;2.9705839697271585;2.9881669906899333;2.9743339400738478;2.9747920343652368;3.0052500078454614;2.9924589907750487;3.0267919646576047;3.0207079835236073;2.8129579732194543;2.7343329275026917;2.8735409723594785;2.9070419259369373;2.9180829878896475;2.8867500368505716;2.778999973088503;2.916957950219512;2.953166957013309;2.970875008031726;2.9941670363768935;3.0145839555189013;3.012708039022982;2.974000060930848;2.9886249685660005;2.9771249974146485;2.9856669716537;2.9604999581351876;2.9786250088363886;3.0218330211937428;2.98716698307544;2.996208961121738;2.7996659046038985;2.7862079441547394;2.8872500406578183;2.909832983277738;2.9299999587237835;3.0048330081626773;3.001666977070272;2.971417037770152;2.946667023934424;2.9527919832617044;2.957249991595745;2.9567090095952153;2.9627089388668537;3.001083037815988;2.994915936142206;3.02175001706928;3.0156250577419996;2.9917500214651227;2.9987499583512545;3.02025000564754;2.9805420199409127;3.030791995115578;3.014208981767297;2.9736249707639217;2.9808339895680547;3.0124590266495943;3.01274994853884;3.015541937202215;2.993082976900041;2.9909160220995545;3.0064579332247376;2.9009999707341194;2.940583974123001;2.9977079248055816;2.918458078056574;2.976708929054439;2.9741249745711684;3.002332989126444;3.0514170648530126;3.0092919478192925;3.0334170442074537;3.0200419714674354;3.018624964170158;3.013332956470549;3.003082936629653;2.9899589717388153;3.122166031971574;2.9132080962881446;2.988792024552822;3.0144170159474015;3.0168750090524554;2.976040937937796;3.0135420383885503;3.035582951270044;2.991874935105443;3.0432500643655658;3.0357500072568655;3.048375016078353;3.0408750753849745;3.0469580087810755;3.0504580354318023;3.0343340476974845;3.037333022803068;3.0461670830845833;3.0789169250056148;3.0512079829350114;3.021624987013638;3.027249942533672;3.023457946255803;3.037916962057352;3.018624964170158;3.0755000188946724;3.007250023074448;3.0419579707086086;3.005000064149499;3.024208010174334;3.0175000429153442;3.0024159932509065;2.972041955217719;3.080875030718744;3.040499985218048;3.105000010691583;3.0222079949453473;3.00191598944366;3.006207989528775;3.0276249162852764;3.0301250517368317;3.080583061091602;3.0160420574247837;3.0387500301003456;3.036250011064112;3.0268330592662096;3.0661249766126275
file_transfer,KYBER,handshake_latency_ms_raw,0.09324995335191488
file_transfer,KYBER,tx_bytes_raw,1568;0
file_transfer,KYBER,renegotiation_count_raw,0;0
file_transfer,HYBRID,transfer_latency_ms_raw,955.2476670360193;950.406291987747
file_transfer,HYBRID,throughput_mbps_raw,43.908026627421705;44.13169436439373
file_transfer,HYBRID,chunk_latency_ms_raw,2.8914579888805747;2.9492080211639404;2.9972910415381193;2.9662500601261854;2.941875020042062;2.9001670191064477;2.9205000028014183;2.8961250791326165;2.918334095738828;2.7090830262750387;2.7788750594481826;2.8089999686926603;2.827167045325041;2.8338750125840306;2.8284579748287797;2.8751250356435776;2.888333983719349;2.8184999246150255;2.853957936167717;2.920707920566201;2.859917003661394;2.8665410354733467;2.688499982468784;2.8102919459342957;2.850209013558924;2.8221249813213944;2.769750077277422;2.8423750773072243;2.872459008358419;2.90545797906816;2.9634590027853847;2.8840829618275166;2.8787909541279078;2.917708014138043;2.9424160020425916;2.9024999821558595;2.950625028461218;2.9535419307649136;2.965332940220833;2.7640829794108868;2.7619170723482966;2.9101670952513814;2.823290997184813;2.80654092784971;2.838499960489571;2.851707977242768;2.863208996132016;2.8867919463664293;2.8951659332960844;2.898791921325028;2.9032499296590686;2.89574998896569;2.925500040873885;2.938167075626552;2.926624962128699;2.9187919571995735;2.91766703594476;2.9088329756632447;2.934165997430682;2.9293749248608947;2.9057919746264815;2.924625063315034;2.9055000049993396;2.9252920066937804;2.900040941312909;2.919791964814067;2.9034169856458902;2.973790979012847;2.9516250360757113;2.880375017412007;2.882624976336956;2.8391670202836394;2.8689999599009752;2.7681250358000398;2.8459170134738088;2.892959048040211;2.9029579600319266;2.7973749674856663;2.924500033259392;2.7515420224517584;2.810291014611721;2.92116601485759;2.9488749569281936;2.9382919892668724;2.9663749737665057;2.9511669417843223;2.927707973867655;3.0272089643403888;2.9322499176487327;2.9398329788818955;2.933042007498443;2.9375830199569464;2.9233329696580768;2.924749976955354;2.946165972389281;2.978165983222425;2.9352089622989297;2.948167035356164;2.9484579572454095;2.957290969789028;2.7817499358206987;2.8690409380942583;2.859791973605752;2.9394159791991115;2.7864170260727406;2.8107919497415423;2.9377080500125885;2.8394160326570272;2.855667029507458;2.942957915365696;2.953458111733198;2.9886659467592835;2.943499945104122;2.912833006121218;2.9743750346824527;2.98383308108896;2.936583012342453;2.937166951596737;2.9429160058498383;2.920166007243097;2.9186669271439314;2.9447919223457575;2.9537499649450183;2.9548329766839743;2.9069579904899;2.9363749781623483;2.9237089911475778;2.9455419862642884;2.933708019554615;2.968000015243888;2.941875020042062;2.9453339520841837;2.934125019237399;2.9530840693041682;2.977167023345828;2.9437498888000846;2.956083044409752;2.944124978967011;2.9394999146461487;2.9053339967504144;2.93654203414917;2.9698750004172325;2.9080830281600356;2.9316250002011657;2.9476670315489173;2.984958002343774;2.940041944384575;2.948499983176589;2.946792053990066;2.9204159509390593;2.9606251046061516;2.964167040772736;2.944290987215936;2.966917003504932;2.9956670477986336;2.9485420091077685;2.9918330255895853;2.9709580121561885;2.9560000402852893;2.9520830139517784;2.953832969069481;2.952457987703383;2.894375007599592;2.8600419173017144;2.9118750244379044;2.9389159753918648;2.721209079027176;2.7883340371772647;2.832749974913895;2.892874996177852;2.8910000110045075;2.9259169241413474;2.8939590556547046;2.9331250116229057;2.9148750472813845;2.958458033390343;2.9377909377217293;2.958333003334701;2.9111659387126565;2.996541908942163;2.920833067037165;2.9635000973939896;2.9678749851882458;2.947542001493275;2.9869999270886183;2.9189999913796782;2.944416948594153;2.9966250294819474;2.960209036245942;2.915874938480556;3.001500037498772;2.9482919489964843;2.9689579969272017;2.9704170301556587;2.9798339819535613;2.99537496175617;2.9732079710811377;2.9873750172555447;2.9730419628322124;2.9764160281047225;2.9540829127654433;2.9738330049440265;2.91750009637326;2.766416990198195;2.8121250215917826;2.7836670633405447;2.769333077594638;2.9135000659152865;2.875541104003787;2.92749993968755;2.931416966021061;2.9085830319672823;2.983374986797571;2.963583916425705;3.003499936312437;2.8823749162256718;2.833708073012531;2.923291060142219;2.965749939903617;2.9017499182373285;2.974167000502348;2.9988749884068966;3.0214590951800346;3.009249921888113;2.957375021651387;2.969500026665628;3.0128750950098038;2.9737920267507434;2.989333006553352;3.0146250501275063;2.9814590234309435;2.979791956022382;2.8453749837353826;2.8031249530613422;2.9268329963088036;2.9011250007897615;2.9635420069098473;2.9486248968169093;2.8473329730331898;2.9266250785440207;3.0019169207662344;2.9756251024082303;2.9597909888252616;3.014459041878581;2.9846669640392065;2.97729205340147;3.0207920353859663;2.9748750384896994;2.982499892823398;2.9416249599307775;2.994542010128498;2.9969169991090894;3.0034580267965794;3.00958298612386;3.022250020876527;3.019999945536256;3.0089999781921506;2.9656669357791543;3.0150830280035734;3.0122919706627727;3.026457969099283;3.0217089224606752;3.026916994713247;2.9717920115217566;2.7738750213757157;2.882333006709814;2.9672079253941774;2.948082983493805;2.8353750240057707;2.9501660028472543;2.9821660136803985;2.8884169878438115;2.851500059477985;2.823999966494739;2.7997500728815794;2.8681670082733035;2.943792031146586;2.961624995805323;2.9813330620527267;3.0307499691843987;3.0097499256953597;2.996250055730343;2.991541987285018;2.952874987386167;3.02995799575001;3.032707958482206;3.057959023863077;2.9910410521551967;2.95708398334682;2.9777910094708204;2.9707079520449042;2.7468749321997166;2.896375022828579;2.7538329595699906;2.806000062264502;2.951792092062533;2.9219170100986958;2.9421249637380242;2.9855420580133796;3.0001249397173524;2.9847919940948486;3.0241250060498714;2.9909589793533087;2.9886249685660005;3.019208088517189;3.005499951541424;3.0326659325510263;3.0330829322338104;2.9946659924462438;2.988249994814396;2.95841705519706;2.984417020343244;3.0437500681728125;2.991290995851159;3.0079999705776572;3.0179169261828065;3.017415991052985;3.0400000978261232;3.018583985976875;2.983250073157251;2.792667015455663;2.7142090257257223;2.830499899573624;2.8280419064685702;2.629790920764208;2.705250051803887;2.83762498293072;2.808458055369556;2.8395409462973475;2.852582954801619;2.854499965906143;2.8533340664580464;2.8707500314339995;2.884875051677227;2.8957920148968697;2.8988750418648124;2.8657499933615327;2.9009999707341194;2.906707930378616;2.8505839873105288;2.9071250464767218;2.8618749929592013;2.8792080702260137;2.908749971538782;2.8828330105170608;2.862915978766978;2.9502090765163302;2.8898329474031925;2.8976250905543566;2.8819170547649264;2.88304197601974;2.927041961811483;2.8816249687224627;2.926209010183811;2.9354169964790344;2.9180420096963644;2.912958967499435;2.9236669652163982;2.9254580149427056;2.9187919571995735;2.9320419998839498;2.8905830113217235;2.90245795622468;2.9816250316798687;2.9019579524174333;2.891583018936217;2.8922499623149633;2.906042034737766;2.7249589329585433;2.7019999688491225;2.840665983967483;2.8645420679822564;2.682749996893108;2.807082957588136;2.829457982443273;2.845457987859845;2.8814589604735374;2.895000041462481;2.8536670142784715;2.8595420299097896;2.8932089917361736;2.8828750364482403;2.9015830950811505;2.8933340217918158;2.8766250470653176;2.932458999566734;2.8553330339491367;2.861417015083134;2.9080830281600356;2.869624993763864;2.886790898628533;2.9351250268518925;2.857042010873556;2.906041918322444;2.884790999814868;2.8559999773278832;2.8684999560937285;2.910541952587664;2.8990000719204545;2.8931249398738146;2.9306249925866723;2.893374999985099;2.8342080768197775;2.749500097706914;2.862208988517523;2.910915995016694;2.904082997702062;2.8903749771416187;2.9323329217731953;2.8998340712860227;2.898541046306491;2.912209019996226;2.921125036664307;2.9041250236332417;2.955000032670796;2.904833061620593;2.889457973651588;2.9028329299762845;2.900624996982515;2.9697910649701953;2.9459999641403556;2.9070419259369373;2.959500066936016;2.9314589919522405;2.87237495649606;2.9242089949548244;2.9114159988239408;2.931416966021061;2.940000034868717;2.9340829933062196;2.9264159966260195;2.9814590234309435;2.971791895106435;2.9471670277416706;2.9181670397520065;2.9389580013230443;2.9464999679476023;2.930167014710605;2.9142090352252126;2.9556250665336847;2.9471670277416706;2.904082997702062;2.9757500160485506;2.936083939857781;2.9293750412762165;2.7322910027578473;2.7636250015348196;2.8273750795051455;2.8277080273255706;2.712916932068765;2.8119999915361404;2.7365420246496797;2.8503340436145663;2.851041965186596;2.7019589906558394;2.7732080779969692;2.8605409897863865;2.7738750213757157;2.823249902576208;2.82475003041327;2.9775419970974326;2.90358392521739;2.933582989498973;2.896707970649004;2.9215000104159117;2.9805420199409127;2.9357089661061764;2.949249930679798;2.940624952316284;2.942332997918129;2.8982909861952066;2.761458046734333;2.8693750500679016;2.84379196818918;2.8285420266911387;2.911917050369084;2.9532500775530934;2.8559580678120255;2.749082981608808;2.803749986924231;2.8904590290039778;2.764583914540708;2.8515830636024475;2.901666914112866;2.917042002081871;2.9425419634208083;2.9550419421866536;2.9647910268977284;2.954833093099296;2.9350409749895334;2.9666669433936477;2.9397920006886125;2.97483301255852;3.000584081746638;2.9553750064224005;2.9488749569281936;2.9946250142529607;2.972041955217719;2.9805409722030163;2.9355420265346766;2.951958915218711;3.0032499926164746;2.994208945892751;2.988999942317605;3.008665982633829;3.0062500154599547;2.9985419241711497;2.7744999388232827;2.7720830403268337;2.924749976955354;2.797583001665771;2.890917006880045;2.9411669820547104;2.9972499469295144;3.032792010344565;2.974584000185132;2.932958072051406;2.970458008348942;2.9851249419152737;2.9865000396966934;2.9637080151587725;2.9939169762656093;2.986875013448298;2.9881669906899333;2.993499976582825;2.9699159786105156;2.8812920209020376;2.7621249901130795;2.840916975401342;2.909375005401671;2.9558331007137895;2.951333997771144;2.9609580524265766;2.9538749950006604;2.951666945591569;2.9365840600803494;2.9603339498862624;2.9365000082179904;2.994750044308603;3.0032499926164746;3.0233339639380574;2.985958009958267;3.0057081021368504;2.7938750572502613;2.828666940331459;2.931291004642844;2.9489999869838357;2.9351250268518925;2.9719589510932565;2.99837498459965;2.954666968435049;2.998042036779225;2.9799999902024865;2.8058330062776804;2.8544170781970024;2.908834023401141;2.919707912951708;2.858457970432937;2.875832957215607;2.917999983765185;2.8962079668417573;2.838707994669676;2.907457994297147;2.9016250045970082;2.9462919337674975;2.978999982587993;2.963333041407168;2.991290995851159;2.9854170279577374;2.9783749487251043;2.973916009068489;3.0144999036565423;2.9632910154759884;3.0197500018402934;3.076207940466702;2.997000003233552;2.9024590039625764;2.8214999474585056;2.923708059825003;3.0189169337973;2.839209046214819;2.915541990660131;2.994209062308073;3.0242919456213713;3.031000029295683;2.82024999614805;2.8940000338479877;2.972707967273891;2.860457985661924;2.8566670371219516;2.8902089688926935;2.9506670543923974;3.007291001267731;3.035582951270044;2.990374923683703;3.0162091134116054;3.00904200412333;2.9902909882366657;3.0052500078454614;2.9791250126436353;3.0139581067487597;3.0094999819993973;3.00287501886487;3.0385840218514204;3.014791989699006;2.9851660365238786;3.0153749976307154;3.0072079971432686;2.9671250376850367;2.934542018920183;2.7804579585790634;2.8912080451846123;2.931166091002524;2.907374990172684;2.9339579632505774;2.8725829906761646;2.79983296059072;2.9125830624252558;2.921333070844412;2.970208995975554;3.0399159295484424;2.9895829502493143;3.0001660343259573;3.0399999814108014;2.976416959427297;2.9973749769851565;3.040999989025295;2.985707949846983;3.0184590723365545;3.0016249511390924;2.9906670097261667;3.009999985806644;2.994291950017214;2.972415997646749;3.000749973580241;2.822583890520036;2.80887505505234;2.904042019508779;2.927832887507975;2.955292002297938
file_transfer,HYBRID,handshake_latency_ms_raw,0.42516703251749277
file_transfer,HYBRID,tx_bytes_raw,1940;0
file_transfer,HYBRID,renegotiation_count_raw,0;0
hybrid_overhead,ECC,handshake_latency_ms_raw,0.3478329163044691;0.19462499767541885
hybrid_overhead,ECC,tx_bytes_raw,356;356
hybrid_overhead,KYBER,handshake_latency_ms_raw,0.061707920394837856;0.046874978579580784
hybrid_overhead,KYBER,tx_bytes_raw,1568;1568
hybrid_overhead,HYBRID,handshake_latency_ms_raw,0.25054102297872305;0.2557080006226897
hybrid_overhead,HYBRID,tx_bytes_raw,1940;1940
